,Province/State,,,,,,,,,Australian Capital Territory,New South Wales,Northern Territory,Queensland,South Australia,Tasmania,Victoria,Western Australia,,,,,,,,,,,,,,,,,,,,,,,,,Anhui,Beijing,Chongqing,Fujian,Gansu,Guangdong,Guangxi,Guizhou,Hainan,Hebei,Heilongjiang,Henan,Hong Kong,Hubei,Hunan,Inner Mongolia,Jiangsu,Jiangxi,Jilin,Liaoning,Macau,Ningxia,Qinghai,Shaanxi,Shandong,Shanghai,Shanxi,Sichuan,Tianjin,Tibet,Xinjiang,Yunnan,Zhejiang,,,,,,,,,,,Faroe Islands,Greenland,,,,,,,,,,,,,,,French Guiana,French Polynesia,Guadeloupe,Martinique,Mayotte,New Caledonia,Reunion,Saint Barthelemy,St Martin,,,,,,,,,,,,,,,,,,,,,,,,,,,,,,,,,,,,,,,,,,,,,,,,,,,,,,,,Aruba,Curacao,Sint Maarten,,,,,,,,,,,,,,,,,,,,,,,,,,,,,,,,,,,,,,,,,,,,,,,,,,,,Bermuda,Cayman Islands,Channel Islands,Gibraltar,Isle of Man,Montserrat,,,,,,,,,,,,,Anguilla,British Virgin Islands,Turks and Caicos Islands,,,,,"Bonaire, Sint Eustatius and Saba",
1,Country/Region,Afghanistan,Albania,Algeria,Andorra,Angola,Antigua and Barbuda,Argentina,Armenia,Australia,Australia,Australia,Australia,Australia,Australia,Australia,Australia,Austria,Azerbaijan,Bahamas,Bahrain,Bangladesh,Barbados,Belarus,Belgium,Belize,Benin,Bhutan,Bolivia,Bosnia and Herzegovina,Brazil,Brunei,Bulgaria,Burkina Faso,Cabo Verde,Cambodia,Cameroon,Canada,Central African Republic,Chad,Chile,China,China,China,China,China,China,China,China,China,China,China,China,China,China,China,China,China,China,China,China,China,China,China,China,China,China,China,China,China,China,China,China,China,Colombia,Congo (Brazzaville),Congo (Kinshasa),Costa Rica,Cote d'Ivoire,Croatia,Diamond Princess,Cuba,Cyprus,Czechia,Denmark,Denmark,Denmark,Djibouti,Dominica,Dominican Republic,Ecuador,Egypt,El Salvador,Equatorial Guinea,Eritrea,Estonia,Eswatini,Ethiopia,Fiji,Finland,France,France,France,France,France,France,France,France,France,France,Gabon,Gambia,Georgia,Germany,Ghana,Grenada,Greece,Guatemala,Guinea,Guinea-Bissau,Guyana,Haiti,Holy See,Honduras,Hungary,Iceland,India,Indonesia,Iran,Iraq,Ireland,Israel,Italy,Jamaica,Japan,Jordan,Kazakhstan,Kenya,"Korea, South",Kuwait,Kyrgyzstan,Latvia,Lebanon,Liberia,Libya,Liechtenstein,Lithuania,Luxembourg,Madagascar,Malaysia,Maldives,Mali,Malta,Mauritania,Mauritius,Mexico,Moldova,Monaco,Mongolia,Montenegro,Morocco,Mozambique,Namibia,Nepal,Netherlands,Netherlands,Netherlands,Netherlands,New Zealand,Nicaragua,Niger,Nigeria,North Macedonia,Norway,Oman,Pakistan,Panama,Papua New Guinea,Paraguay,Peru,Philippines,Poland,Portugal,Qatar,Romania,Russia,Rwanda,Saint Kitts and Nevis,Saint Lucia,Saint Vincent and the Grenadines,San Marino,Saudi Arabia,Senegal,Serbia,Seychelles,Singapore,Slovakia,Slovenia,Somalia,South Africa,Spain,Sri Lanka,Sudan,Suriname,Sweden,Switzerland,Syria,Taiwan*,Tanzania,Thailand,Timor-Leste,Togo,Trinidad and Tobago,Tunisia,Turkey,Uganda,Ukraine,United Arab Emirates,United Kingdom,United Kingdom,United Kingdom,United Kingdom,United Kingdom,United Kingdom,United Kingdom,Uruguay,US,Uzbekistan,Venezuela,Vietnam,Zambia,Zimbabwe,West Bank and Gaza,Laos,Kosovo,Burma,United Kingdom,United Kingdom,United Kingdom,MS Zaandam,Botswana,Burundi,Sierra Leone,Netherlands,Malawi
2,Lat,33.0,41.1533,28.0339,42.5063,-11.2027,17.0608,-38.4161,40.0691,-35.4735,-33.8688,-12.4634,-28.0167,-34.9285,-41.4545,-37.8136,-31.9505,47.5162,40.1431,25.0343,26.0275,23.685,13.1939,53.7098,50.8333,13.1939,9.3077,27.5142,-16.2902,43.9159,-14.235,4.5353,42.7339,12.2383,16.5388,11.55,3.8480000000000003,56.1304,6.6111,15.4542,-35.6751,31.8257,40.1824,30.0572,26.0789,37.8099,23.3417,23.8298,26.8154,19.1959,39.549,47.861999999999995,33.882,22.3,30.9756,27.6104,44.0935,32.9711,27.614,43.6661,41.2956,22.1667,37.2692,35.7452,35.1917,36.3427,31.201999999999998,37.5777,30.6171,39.3054,31.6927,41.1129,24.974,29.1832,4.5709,-4.0383,-4.0383,9.7489,7.54,45.1,0.0,22.0,35.1264,49.8175,61.8926,71.7069,56.2639,11.8251,15.415,18.7357,-1.8312,26.0,13.7942,1.5,15.1794,58.5953,-26.5225,9.145,-17.7134,64.0,3.9339,-17.6797,16.25,14.6415,-12.8275,-20.9043,-21.1351,17.9,18.0708,46.2276,-0.8037,13.4432,42.3154,51.0,7.9465,12.1165,39.0742,15.7835,9.9456,11.8037,5.0,18.9712,41.9029,15.2,47.1625,64.9631,21.0,-0.7893,32.0,33.0,53.1424,31.0,43.0,18.1096,36.0,31.24,48.0196,-0.0236,36.0,29.5,41.2044,56.8796,33.8547,6.4281,26.3351,47.14,55.1694,49.8153,-18.7669,2.5,3.2028,17.570692,35.9375,21.0079,-20.2,23.6345,47.4116,43.7333,46.8625,42.5,31.7917,-18.6657,-22.9576,28.1667,12.5186,12.1696,18.0425,52.1326,-40.9006,12.8654,17.6078,9.082,41.6086,60.472,21.0,30.3753,8.538,-6.315,-23.4425,-9.19,13.0,51.9194,39.3999,25.3548,45.9432,60.0,-1.9403,17.357822,13.9094,12.9843,43.9424,24.0,14.4974,44.0165,-4.6796,1.2833,48.669,46.1512,5.1521,-30.5595,40.0,7.0,12.8628,3.9193,63.0,46.8182,34.8021,23.7,-6.369,15.0,-8.8742,8.6195,10.6918,34.0,38.9637,1.0,48.3794,24.0,32.3078,19.3133,49.3723,36.1408,54.2361,16.7425,55.3781,-32.5228,37.0902,41.3775,6.4238,16.0,-15.4167,-20.0,31.9522,19.856270000000002,42.602636,21.9162,18.2206,18.4207,21.69400000000001,0.0,-22.3285,-3.3731,8.460555000000001,12.1784,-13.254307999999998
3,Long,65.0,20.1683,1.6596,1.5218,17.8739,-61.7964,-63.6167,45.0382,149.0124,151.2093,130.8456,153.4,138.6007,145.9707,144.9631,115.8605,14.5501,47.5769,-77.3963,50.55,90.3563,-59.5432,27.9534,4.0,-59.5432,2.3158,90.4336,-63.5887,17.6791,-51.9253,114.7277,25.4858,-1.5616,-23.0418,104.9167,11.5021,-106.3468,20.9394,18.7322,-71.543,117.2264,116.4142,107.874,117.9874,101.0583,113.4244,108.7881,106.8748,109.7453,116.1306,127.7615,113.61399999999999,114.2,112.2707,111.7088,113.9448,119.455,115.7221,126.1923,122.6085,113.55,106.1655,95.9956,108.8701,118.1498,121.4491,112.2922,102.7103,117.323,88.0924,85.2401,101.48700000000001,120.0934,-74.2973,21.7587,21.7587,-83.7534,-5.5471,15.2,0.0,-80.0,33.4299,15.472999999999999,-6.9118,-42.6043,9.5018,42.5903,-61.371,-70.1627,-78.1834,30.0,-88.8965,10.0,39.7823,25.0136,31.4659,40.4897,178.065,26.0,-53.1258,149.4068,-61.5833,-61.0242,45.1662,165.618,55.2471,-62.8333,-63.0501,2.2137,11.6094,-15.3101,43.3569,9.0,-1.0232,-61.678999999999995,21.8243,-90.2308,-9.6966,-15.1804,-58.75,-72.2852,12.4534,-86.2419,19.5033,-19.0208,78.0,113.9213,53.0,44.0,-7.6921,35.0,12.0,-77.2975,138.0,36.51,66.9237,37.9062,128.0,47.75,74.7661,24.6032,35.8623,-9.4295,17.228331,9.55,23.8813,6.1296,46.8691,112.5,73.2207,-3.996166000000001,14.3754,10.9408,57.5,-102.5528,28.3699,7.4167,103.8467,19.3,-7.0926,35.5296,18.4904,84.25,-70.0358,-68.99,-63.0548,5.2913,174.886,-85.2072,8.0817,8.6753,21.7453,8.4689,57.0,69.3451,-80.7821,143.9555,-58.4438,-75.0152,122.0,19.1451,-8.2245,51.1839,24.9668,90.0,29.8739,-62.782998,-60.9789,-61.2872,12.4578,45.0,-14.4524,21.0059,55.492,103.8333,19.699,14.9955,46.1996,22.9375,-4.0,81.0,30.2176,-56.0278,16.0,8.2275,38.9968,121.0,34.8888,101.0,125.7275,0.8248,-61.2225,9.0,35.2433,32.0,31.1656,54.0,-64.7505,-81.2546,-2.3644,-5.3536,-4.5481,-62.1874,-3.4360000000000004,-55.7658,-95.7129,64.5853,-66.5897,108.0,28.2833,30.0,35.2332,102.495496,20.902977,95.956,-63.0686,-64.64,-71.7979,0.0,24.6849,29.9189,-11.779889,-68.2385,34.301525
4,1/22/20,0,0,0,0,0,0,0,0,0,0,0,0,0,0,0,0,0,0,0,0,0,0,0,0,0,0,0,0,0,0,0,0,0,0,0,0,0,0,0,0,0,0,0,0,0,0,0,0,0,0,0,0,0,28,0,0,0,0,0,0,0,0,0,0,0,0,0,0,0,0,0,0,0,0,0,0,0,0,0,0,0,0,0,0,0,0,0,0,0,0,0,0,0,0,0,0,0,0,0,0,0,0,0,0,0,0,0,0,0,0,0,0,0,0,0,0,0,0,0,0,0,0,0,0,0,0,0,0,0,0,0,0,0,0,0,0,0,0,0,0,0,0,0,0,0,0,0,0,0,0,0,0,0,0,0,0,0,0,0,0,0,0,0,0,0,0,0,0,0,0,0,0,0,0,0,0,0,0,0,0,0,0,0,0,0,0,0,0,0,0,0,0,0,0,0,0,0,0,0,0,0,0,0,0,0,0,0,0,0,0,0,0,0,0,0,0,0,0,0,0,0,0,0,0,0,0,0,0,0,0,0,0,0,0,0,0,0,0,0,0,0,0,0,0
5,1/23/20,0,0,0,0,0,0,0,0,0,0,0,0,0,0,0,0,0,0,0,0,0,0,0,0,0,0,0,0,0,0,0,0,0,0,0,0,0,0,0,0,0,0,0,0,0,2,0,0,0,0,0,0,0,28,0,0,0,0,0,0,0,0,0,0,0,0,0,0,0,0,0,0,0,0,0,0,0,0,0,0,0,0,0,0,0,0,0,0,0,0,0,0,0,0,0,0,0,0,0,0,0,0,0,0,0,0,0,0,0,0,0,0,0,0,0,0,0,0,0,0,0,0,0,0,0,0,0,0,0,0,0,0,0,0,0,0,0,0,0,0,0,0,0,0,0,0,0,0,0,0,0,0,0,0,0,0,0,0,0,0,0,0,0,0,0,0,0,0,0,0,0,0,0,0,0,0,0,0,0,0,0,0,0,0,0,0,0,0,0,0,0,0,0,0,0,0,0,0,0,0,0,0,0,0,0,0,0,0,0,0,0,0,0,0,0,0,0,0,0,0,0,0,0,0,0,0,0,0,0,0,0,0,0,0,0,0,0,0,0,0,0,0,0,0
6,1/24/20,0,0,0,0,0,0,0,0,0,0,0,0,0,0,0,0,0,0,0,0,0,0,0,0,0,0,0,0,0,0,0,0,0,0,0,0,0,0,0,0,0,1,0,0,0,2,0,0,0,0,0,0,0,31,0,0,0,0,0,0,0,0,0,0,0,1,0,0,0,0,0,0,1,0,0,0,0,0,0,0,0,0,0,0,0,0,0,0,0,0,0,0,0,0,0,0,0,0,0,0,0,0,0,0,0,0,0,0,0,0,0,0,0,0,0,0,0,0,0,0,0,0,0,0,0,0,0,0,0,0,0,0,0,0,0,0,0,0,0,0,0,0,0,0,0,0,0,0,0,0,0,0,0,0,0,0,0,0,0,0,0,0,0,0,0,0,0,0,0,0,0,0,0,0,0,0,0,0,0,0,0,0,0,0,0,0,0,0,0,0,0,0,0,0,0,0,0,0,0,0,0,0,0,0,0,0,0,0,0,0,0,0,0,0,0,0,0,0,0,0,0,0,0,0,0,0,0,0,0,0,0,0,0,0,0,0,0,0,0,0,0,0,0,0
7,1/25/20,0,0,0,0,0,0,0,0,0,0,0,0,0,0,0,0,0,0,0,0,0,0,0,0,0,0,0,0,0,0,0,0,0,0,0,0,0,0,0,0,0,2,0,0,0,2,0,0,0,0,0,0,0,32,0,0,1,0,0,0,0,0,0,0,0,1,0,0,0,0,0,0,1,0,0,0,0,0,0,0,0,0,0,0,0,0,0,0,0,0,0,0,0,0,0,0,0,0,0,0,0,0,0,0,0,0,0,0,0,0,0,0,0,0,0,0,0,0,0,0,0,0,0,0,0,0,0,0,0,0,0,0,0,0,0,0,0,0,0,0,0,0,0,0,0,0,0,0,0,0,0,0,0,0,0,0,0,0,0,0,0,0,0,0,0,0,0,0,0,0,0,0,0,0,0,0,0,0,0,0,0,0,0,0,0,0,0,0,0,0,0,0,0,0,0,0,0,0,0,0,0,0,0,0,0,0,0,0,0,0,0,0,0,0,0,0,0,0,0,0,0,0,0,0,0,0,0,0,0,0,0,0,0,0,0,0,0,0,0,0,0,0,0,0
8,1/26/20,0,0,0,0,0,0,0,0,0,0,0,0,0,0,0,0,0,0,0,0,0,0,0,0,0,0,0,0,0,0,0,0,0,0,0,0,0,0,0,0,0,2,0,0,0,2,0,0,0,0,0,0,0,42,0,0,1,0,0,0,0,0,0,0,0,1,0,0,0,0,0,0,1,0,0,0,0,0,0,0,0,0,0,0,0,0,0,0,0,0,0,0,0,0,0,0,0,0,0,0,0,0,0,0,0,0,0,0,0,0,0,0,0,0,0,0,0,0,0,0,0,0,0,0,0,0,0,0,0,0,0,0,0,1,0,0,0,0,0,0,0,0,0,0,0,0,0,0,0,0,0,0,0,0,0,0,0,0,0,0,0,0,0,0,0,0,0,0,0,0,0,0,0,0,0,0,0,0,0,0,0,0,0,0,0,0,0,0,0,0,0,0,0,0,0,0,0,0,0,0,0,0,0,0,0,0,0,0,2,0,0,0,0,0,0,0,0,0,0,0,0,0,0,0,0,0,0,0,0,0,0,0,0,0,0,0,0,0,0,0,0,0,0,0
9,1/27/20,0,0,0,0,0,0,0,0,0,0,0,0,0,0,0,0,0,0,0,0,0,0,0,0,0,0,0,0,0,0,0,0,0,0,0,0,0,0,0,0,0,2,0,0,0,4,0,0,0,0,0,0,0,45,0,0,1,2,0,0,0,0,0,0,0,3,0,0,0,0,0,0,1,0,0,0,0,0,0,0,0,0,0,0,0,0,0,0,0,0,0,0,0,0,0,0,0,0,0,0,0,0,0,0,0,0,0,0,0,0,0,0,0,0,0,0,0,0,0,0,0,0,0,0,0,0,0,0,0,0,0,0,0,1,0,0,0,0,0,0,0,0,0,0,0,0,0,0,0,0,0,0,0,0,0,0,0,0,0,0,0,0,0,0,0,0,0,0,0,0,0,0,0,0,0,0,0,0,0,0,0,0,0,0,0,0,0,0,0,0,0,0,0,0,0,0,0,0,0,0,0,0,0,0,0,0,0,0,2,0,0,0,0,0,0,0,0,0,0,0,0,0,0,0,0,0,0,0,0,0,0,0,0,0,0,0,0,0,0,0,0,0,0,0
10,1/28/20,0,0,0,0,0,0,0,0,0,0,0,0,0,0,0,0,0,0,0,0,0,0,0,0,0,0,0,0,0,0,0,0,0,0,0,0,0,0,0,0,0,4,0,0,0,4,2,0,0,0,0,0,0,80,0,0,1,3,0,0,0,0,0,0,0,4,0,0,0,0,0,0,3,0,0,0,0,0,0,0,0,0,0,0,0,0,0,0,0,0,0,0,0,0,0,0,0,0,0,0,0,0,0,0,0,0,0,0,0,0,0,0,0,0,0,0,0,0,0,0,0,0,0,0,0,0,0,0,0,0,0,0,0,1,0,0,0,0,0,0,0,0,0,0,0,0,0,0,0,0,0,0,0,0,0,0,0,0,0,0,0,0,0,0,0,0,0,0,0,0,0,0,0,0,0,0,0,0,0,0,0,0,0,0,0,0,0,0,0,0,0,0,0,0,0,0,0,0,0,0,0,0,0,0,0,0,0,0,5,0,0,0,0,0,0,0,0,0,0,0,0,0,0,0,0,0,0,0,0,0,0,0,0,0,0,0,0,0,0,0,0,0,0,0
11,1/29/20,0,0,0,0,0,0,0,0,0,0,0,0,0,0,0,0,0,0,0,0,0,0,0,0,0,0,0,0,0,0,0,0,0,0,0,0,0,0,0,0,2,4,1,0,0,5,2,1,0,0,0,1,0,88,0,0,1,3,0,1,0,0,0,0,1,5,1,1,0,0,0,0,3,0,0,0,0,0,0,0,0,0,0,0,0,0,0,0,0,0,0,0,0,0,0,0,0,0,0,0,0,0,0,0,0,0,0,0,0,0,0,0,0,0,0,0,0,0,0,0,0,0,0,0,0,0,0,0,0,0,0,0,0,1,0,0,0,0,0,0,0,0,0,0,0,0,0,0,0,0,0,0,0,0,0,0,0,0,0,0,0,0,0,0,0,0,0,0,0,0,0,0,0,0,0,0,0,0,0,0,0,0,0,0,0,0,0,0,0,0,0,0,0,0,0,0,0,0,0,0,0,0,0,0,0,0,0,0,5,0,0,0,0,0,0,0,0,0,0,0,0,0,0,0,0,0,0,0,0,0,0,0,0,0,0,0,0,0,0,0,0,0,0,0
12,1/30/20,0,0,0,0,0,0,0,0,0,2,0,0,0,0,0,0,0,0,0,0,0,0,0,0,0,0,0,0,0,0,0,0,0,0,0,0,0,0,0,0,2,4,1,0,0,10,2,1,1,0,0,2,0,90,2,0,1,5,1,1,0,0,0,0,1,5,1,1,0,0,0,0,4,0,0,0,0,0,0,0,0,0,0,0,0,0,0,0,0,0,0,0,0,0,0,0,0,0,0,0,0,0,0,0,0,0,0,0,0,0,0,0,0,0,0,0,0,0,0,0,0,0,0,0,0,0,0,0,0,0,0,0,0,1,0,0,0,0,0,0,0,0,0,0,0,0,0,0,0,0,0,0,0,0,0,0,0,0,0,0,0,0,0,0,0,0,0,0,0,0,0,0,0,0,0,0,0,0,0,0,0,0,0,0,0,0,0,0,0,0,0,0,0,0,0,0,0,0,0,0,0,0,0,0,0,0,0,0,5,0,0,0,0,0,0,0,0,0,0,0,0,0,0,0,0,0,0,0,0,0,0,0,0,0,0,0,0,0,0,0,0,0,0,0
13,1/31/20,0,0,0,0,0,0,0,0,0,2,0,0,0,0,0,0,0,0,0,0,0,0,0,0,0,0,0,0,0,0,0,0,0,0,0,0,0,0,0,0,3,5,1,0,0,11,2,2,1,0,0,3,0,141,2,1,5,7,1,1,0,0,0,0,2,9,1,1,0,0,0,1,14,0,0,0,0,0,0,0,0,0,0,0,0,0,0,0,0,0,0,0,0,0,0,0,0,0,0,0,0,0,0,0,0,0,0,0,0,0,0,0,0,0,0,0,0,0,0,0,0,0,0,0,0,0,0,0,0,0,0,0,0,1,0,0,0,0,0,0,0,0,0,0,0,0,0,0,0,0,0,0,0,0,0,0,0,0,0,0,0,0,0,0,0,0,0,0,0,0,0,0,0,0,0,0,0,0,0,0,0,0,0,0,0,0,0,0,0,0,0,0,0,0,0,0,0,0,0,0,0,0,0,0,0,0,0,0,5,0,0,0,0,0,0,0,0,0,0,0,0,0,0,0,0,0,0,0,0,0,0,0,0,0,0,0,0,0,0,0,0,0,0,0
14,2/1/20,0,0,0,0,0,0,0,0,0,2,0,0,0,0,0,0,0,0,0,0,0,0,0,0,0,0,0,0,0,0,0,0,0,0,0,0,0,0,0,0,5,9,3,0,0,14,2,2,1,0,2,3,0,168,8,1,6,9,1,1,0,0,0,0,3,10,1,3,0,0,0,2,21,0,0,0,0,0,0,0,0,0,0,0,0,0,0,0,0,0,0,0,0,0,0,0,0,0,0,0,0,0,0,0,0,0,0,0,0,0,0,0,0,0,0,0,0,0,0,0,0,0,0,0,0,0,0,0,0,0,0,0,0,1,0,0,0,0,0,0,0,0,0,0,0,0,0,0,0,0,0,0,0,0,0,0,0,0,0,0,0,0,0,0,0,0,0,0,0,0,0,0,0,0,0,0,0,0,0,0,0,0,0,0,0,0,0,0,0,0,0,0,0,0,0,0,0,0,0,0,0,0,0,0,0,0,0,0,5,0,0,0,0,0,0,0,0,0,0,0,0,0,0,0,0,0,0,0,1,0,0,0,0,0,0,0,0,0,0,0,0,0,0,0
15,2/2/20,0,0,0,0,0,0,0,0,0,2,0,0,0,0,0,0,0,0,0,0,0,0,0,0,0,0,0,0,0,0,0,0,0,0,0,0,0,0,0,0,7,9,7,0,3,15,2,2,4,3,2,10,0,295,16,1,7,12,1,1,0,0,0,0,6,10,3,11,1,0,0,3,32,0,0,0,0,0,0,0,0,0,0,0,0,0,0,0,0,0,0,0,0,0,0,0,0,0,0,0,0,0,0,0,0,0,0,0,0,0,0,0,0,0,0,0,0,0,0,0,0,0,0,0,0,0,0,0,0,0,0,0,0,1,0,0,0,0,0,0,0,0,0,0,0,0,0,0,0,0,0,0,0,0,0,0,0,0,0,0,0,0,0,0,0,0,0,0,0,0,0,0,0,0,0,0,0,0,0,0,0,0,0,0,0,0,0,0,0,0,0,0,0,0,0,0,0,0,0,0,0,0,0,0,0,0,0,0,5,0,0,0,0,0,0,0,0,0,0,0,0,0,0,0,0,0,0,0,1,0,0,0,0,0,0,0,0,0,0,0,0,0,0,0
16,2/3/20,0,0,0,0,0,0,0,0,0,2,0,0,0,0,0,0,0,0,0,0,0,0,0,0,0,0,0,0,0,0,0,0,0,0,0,0,0,0,0,0,14,12,9,1,3,21,7,2,4,3,2,16,0,386,22,1,8,18,1,1,0,1,0,0,7,10,2,14,1,0,0,5,43,0,0,0,0,0,0,0,0,0,0,0,0,0,0,0,0,0,0,0,0,0,0,0,0,0,0,0,0,0,0,0,0,0,0,0,0,0,0,0,0,0,0,0,0,0,0,0,0,0,0,0,0,0,0,0,0,0,0,0,0,1,0,0,0,0,0,0,0,0,0,0,0,0,0,0,0,0,0,0,0,0,0,0,0,0,0,0,0,0,0,0,0,0,0,0,0,0,0,0,0,0,0,0,0,0,0,0,0,0,0,0,0,0,0,0,0,0,0,0,0,0,0,0,0,0,0,0,0,0,0,0,0,0,0,0,5,0,0,0,0,0,0,0,0,0,0,0,0,0,0,0,0,0,0,0,1,0,0,0,0,0,0,0,0,0,0,0,0,0,0,0
17,2/4/20,0,0,0,0,0,0,0,0,0,2,0,0,0,0,0,0,0,0,0,0,0,0,0,0,0,0,0,0,0,0,0,0,0,0,0,0,0,0,0,0,20,23,9,3,4,30,10,2,5,4,4,27,0,522,31,1,12,20,1,2,0,1,0,2,11,12,4,14,2,0,0,5,62,0,0,0,0,0,0,0,0,0,0,0,0,0,0,0,0,0,0,0,0,0,0,0,0,0,0,0,0,0,0,0,0,0,0,0,0,0,0,0,0,0,0,0,0,0,0,0,0,0,0,0,0,0,0,0,0,0,0,0,0,1,0,0,0,0,0,0,0,0,0,0,0,0,0,0,0,0,0,0,0,0,0,0,0,0,0,0,0,0,0,0,0,0,0,0,0,0,0,0,0,0,0,0,0,0,0,0,0,0,0,0,0,0,0,0,0,0,0,0,0,0,0,0,0,0,0,0,0,0,0,0,0,0,0,0,5,0,0,0,0,0,0,0,0,0,0,0,0,0,0,0,0,0,0,0,1,0,0,0,0,0,0,0,0,0,0,0,0,0,0,0
18,2/5/20,0,0,0,0,0,0,0,0,0,2,0,0,0,0,0,0,0,0,0,0,0,0,0,0,0,0,0,0,0,0,0,0,0,0,0,0,0,0,0,0,23,24,15,11,6,49,13,9,5,6,7,47,0,633,54,3,23,27,2,4,0,1,3,6,15,15,5,24,2,0,0,5,78,0,0,0,0,0,0,0,0,0,0,0,0,0,0,0,0,0,0,0,0,0,0,0,0,0,0,0,0,0,0,0,0,0,0,0,0,0,0,0,0,0,0,0,0,0,0,0,0,0,0,0,0,0,0,0,0,0,0,0,0,1,0,0,0,0,0,0,0,0,0,0,0,0,0,0,0,0,0,0,0,0,0,0,0,0,0,0,0,0,0,0,0,0,0,0,0,0,0,0,0,0,0,0,0,0,0,0,0,0,0,0,0,0,0,0,0,0,0,0,0,0,0,0,0,0,0,0,0,0,0,0,0,0,0,0,5,0,0,0,0,0,0,0,0,0,0,0,0,0,0,0,0,0,0,0,1,0,0,0,0,0,0,0,0,0,0,0,0,0,0,0
19,2/6/20,0,0,0,0,0,0,0,0,0,2,0,0,0,0,0,0,0,0,0,0,0,0,0,0,0,0,0,0,0,0,0,0,0,0,0,0,0,0,0,0,34,31,24,14,6,69,14,6,8,13,8,56,0,817,81,4,34,37,4,5,1,1,3,9,27,25,12,31,2,0,0,7,94,0,0,0,0,0,0,0,0,0,0,0,0,0,0,0,0,0,0,0,0,0,0,0,0,0,0,0,0,0,0,0,0,0,0,0,0,0,0,0,0,0,0,0,0,0,0,0,0,0,0,0,0,0,0,0,0,0,0,0,0,1,0,0,0,0,0,0,0,0,0,0,0,0,0,0,0,0,0,0,0,0,0,0,0,0,0,0,0,0,0,0,0,0,0,0,0,0,0,0,0,0,0,0,0,0,0,0,0,0,0,0,0,0,0,0,0,0,0,0,0,0,0,0,0,0,0,0,0,0,0,0,0,0,1,0,5,0,0,0,0,0,0,0,0,0,0,0,0,0,0,0,0,0,0,0,1,0,0,0,0,0,0,0,0,0,0,0,0,0,0,0
20,2/7/20,0,0,0,0,0,0,0,0,0,2,0,0,0,0,0,0,0,0,0,0,0,0,0,0,0,0,0,0,0,0,0,0,0,0,0,0,0,0,0,0,47,33,31,20,9,88,17,6,10,22,12,86,0,1115,112,5,43,45,4,7,1,5,3,17,37,30,15,42,2,0,0,12,123,0,0,0,0,0,0,0,0,0,0,0,0,0,0,0,0,0,0,0,0,0,0,0,0,0,0,0,0,0,0,0,0,0,0,0,0,0,0,0,0,0,0,0,0,0,0,0,0,0,0,0,0,0,0,0,0,0,0,0,0,1,0,0,0,1,0,0,0,0,0,0,0,0,0,0,1,0,0,0,0,0,0,0,0,0,0,0,0,0,0,0,0,0,0,0,0,0,0,0,0,0,0,0,0,0,0,0,0,0,0,0,0,0,0,0,0,0,0,0,0,0,0,0,0,0,0,0,0,0,0,0,0,0,1,0,5,0,0,0,0,0,0,0,0,0,0,0,0,0,0,0,0,0,0,0,1,0,0,0,0,0,0,0,0,0,0,0,0,0,0,0
21,2/8/20,0,0,0,0,0,0,0,0,0,2,0,0,0,0,0,0,0,0,0,0,0,0,0,0,0,0,0,0,0,0,0,0,0,0,0,0,0,0,0,0,59,34,39,24,12,112,17,7,14,30,13,116,0,1439,156,5,51,55,4,8,1,15,3,20,44,41,21,60,4,0,0,17,175,0,0,0,0,0,0,0,0,0,0,0,0,0,0,0,0,0,0,0,0,0,0,0,0,0,0,0,0,0,0,0,0,0,0,0,0,0,0,0,0,0,0,0,0,0,0,0,0,0,0,0,0,0,0,0,0,0,0,0,0,1,0,0,0,1,0,0,0,0,0,0,0,0,0,0,1,0,0,0,0,0,0,0,0,0,0,0,0,0,0,0,0,0,0,0,0,0,0,0,0,0,0,0,0,0,0,0,0,0,0,0,0,0,0,0,0,0,0,0,0,0,2,0,0,0,0,0,1,0,0,0,0,0,1,0,10,0,0,0,0,0,0,0,0,0,0,0,0,0,0,0,0,0,0,0,1,0,0,0,0,0,0,0,0,0,0,0,0,0,0,0
22,2/9/20,0,0,0,0,0,0,0,0,0,2,0,0,0,0,0,0,0,0,0,0,0,0,0,0,0,0,0,0,0,0,0,0,0,0,0,0,0,0,0,0,72,37,51,35,16,141,18,7,19,34,14,153,0,1795,186,5,71,73,12,12,1,13,3,25,63,44,25,71,4,0,0,18,201,0,0,0,0,0,0,0,0,0,0,0,0,0,0,0,0,0,0,0,0,0,0,0,0,0,0,0,0,0,0,0,0,0,0,0,0,0,0,0,0,0,0,0,0,0,0,0,0,0,0,0,0,0,0,0,0,0,0,0,0,1,0,0,0,3,0,0,0,0,0,0,0,0,0,0,1,0,0,0,0,0,0,0,0,0,0,0,0,0,0,0,0,0,0,0,0,0,0,0,0,0,0,0,0,0,0,0,0,0,0,0,0,0,0,0,0,0,0,0,0,0,2,0,0,0,0,0,1,0,0,0,0,0,1,0,10,0,0,0,0,0,0,0,0,0,0,0,0,0,0,0,0,3,0,0,1,0,0,0,0,0,0,0,0,0,0,0,0,0,0,0
23,2/10/20,0,0,0,0,0,0,0,0,0,2,0,0,0,0,0,0,0,0,0,0,0,0,0,0,0,0,0,0,0,0,0,0,0,0,0,0,0,0,0,0,88,44,66,39,17,167,24,10,19,41,30,191,0,2222,208,5,81,105,13,13,1,13,3,30,66,48,25,80,8,0,0,19,242,0,0,0,0,0,0,0,0,0,0,0,0,0,0,0,0,0,0,0,0,0,0,0,0,0,0,0,0,0,0,0,0,0,0,0,0,0,0,0,0,0,0,0,0,0,0,0,0,0,0,0,0,0,0,0,0,0,0,0,0,4,0,0,0,3,0,0,0,0,0,0,0,0,0,0,1,0,0,0,0,0,0,0,0,0,0,0,0,0,0,0,0,0,0,0,0,0,0,0,0,0,0,0,0,0,0,0,0,0,0,0,0,0,0,0,0,0,0,0,0,0,2,0,0,0,0,0,1,0,0,0,0,0,1,0,10,0,0,0,0,0,0,0,0,0,0,0,0,0,0,0,0,3,0,0,1,0,0,0,0,0,0,0,0,0,0,0,0,0,0,0
24,2/11/20,0,0,0,0,0,0,0,0,0,2,0,0,0,0,0,0,0,0,0,0,0,0,0,0,0,0,0,0,0,0,0,0,0,0,0,0,0,0,0,0,105,48,79,45,24,212,33,17,20,48,28,218,0,2639,247,5,93,128,18,19,1,22,5,32,80,52,30,85,10,0,3,20,270,0,0,0,0,0,0,0,0,0,0,0,0,0,0,0,0,0,0,0,0,0,0,0,0,0,0,0,0,0,0,0,0,0,0,0,0,0,0,0,0,0,0,0,0,0,0,0,0,0,0,0,0,0,0,0,0,0,0,0,0,9,0,0,0,3,0,0,0,0,0,0,0,0,0,0,3,0,0,0,0,0,0,0,0,0,0,0,0,0,0,0,0,0,0,0,0,0,0,0,0,0,0,0,0,0,0,0,0,0,0,0,0,0,0,0,0,0,0,0,0,0,9,0,0,0,0,0,1,0,0,0,0,0,1,0,10,0,0,0,0,0,0,0,0,0,0,0,0,0,0,0,0,3,0,0,6,0,0,0,0,0,0,0,0,0,0,0,0,0,0,0
25,2/12/20,0,0,0,0,0,0,0,0,0,2,0,0,0,0,0,0,0,0,0,0,0,0,0,0,0,0,0,0,0,0,0,0,0,0,1,0,1,0,0,0,127,56,102,53,31,275,32,18,27,54,31,246,1,2686,304,6,125,152,22,20,2,24,9,43,92,57,33,92,11,1,3,26,321,0,0,0,0,0,0,0,0,0,0,0,0,0,0,0,0,0,0,0,0,0,0,0,0,0,1,0,0,0,0,0,0,0,0,0,2,0,0,0,0,0,0,0,0,0,0,0,0,0,0,0,0,0,0,0,0,0,0,0,0,9,0,0,0,7,0,0,0,0,0,0,0,0,0,0,3,0,0,0,0,0,0,0,0,0,0,0,0,0,1,0,0,0,0,0,0,0,0,0,0,0,0,0,0,0,0,1,0,0,0,0,2,0,0,0,0,0,0,0,0,0,15,0,0,0,0,0,1,0,0,0,0,0,1,0,10,0,0,0,0,0,0,0,1,0,0,0,0,0,0,1,0,3,0,0,6,0,0,0,0,0,0,0,0,0,0,0,0,0,0,0
26,2/13/20,0,0,0,0,0,0,0,0,0,4,0,0,0,0,4,0,0,0,0,0,0,0,0,0,0,0,0,0,0,0,0,0,0,0,1,0,1,0,0,0,157,69,128,57,39,314,33,27,30,68,33,296,1,3459,339,6,139,170,24,22,3,24,11,46,105,62,36,104,21,1,6,27,360,0,0,0,0,0,0,0,0,0,0,0,0,0,0,0,0,0,0,0,0,0,0,0,0,0,1,0,0,0,0,0,0,0,0,0,2,0,0,0,1,0,0,0,0,0,0,0,0,0,0,0,0,0,0,0,0,0,0,0,0,9,0,0,0,7,0,0,0,0,0,0,0,0,0,0,3,0,0,0,0,0,0,0,0,0,0,0,0,0,1,0,0,0,0,0,0,0,0,0,0,0,0,0,0,0,0,1,0,0,0,0,2,0,0,0,0,0,0,0,0,0,15,0,0,0,0,0,1,0,0,0,0,0,1,0,12,0,0,0,0,0,0,0,1,0,0,0,0,0,0,1,0,3,0,0,7,0,0,0,0,0,0,0,0,0,0,0,0,0,0,0
27,2/14/20,0,0,0,0,0,0,0,0,0,4,0,0,0,0,4,0,0,0,0,0,0,0,0,0,0,0,0,0,0,0,0,0,0,0,1,0,1,0,0,0,193,80,152,63,39,362,36,28,43,87,47,357,1,4774,364,6,157,187,25,29,3,24,11,54,136,90,38,114,31,1,6,36,403,0,0,0,0,0,0,0,0,0,0,0,0,0,0,0,0,0,0,0,0,0,0,0,0,0,1,0,0,0,0,0,0,0,0,0,2,0,0,0,1,0,0,0,0,0,0,0,0,0,0,0,0,0,0,0,0,0,0,0,0,9,0,0,0,7,0,0,0,0,0,0,0,0,0,0,3,0,0,0,0,0,0,0,0,0,0,0,0,0,1,0,0,0,0,0,0,0,0,0,0,0,0,0,0,0,0,1,0,0,0,0,2,0,0,0,0,0,0,0,0,0,17,0,0,0,0,0,1,0,0,0,0,0,2,0,12,0,0,0,0,0,0,0,1,0,0,0,0,0,0,1,0,3,0,0,7,0,0,0,0,0,0,0,0,0,0,0,0,0,0,0
28,2/15/20,0,0,0,0,0,0,0,0,0,4,0,0,0,0,4,0,0,0,0,0,0,0,0,0,0,0,0,0,0,0,0,0,0,0,1,0,1,0,0,0,221,98,184,71,49,410,44,41,39,101,68,391,1,5623,425,7,186,210,26,31,3,33,13,60,156,124,46,119,37,1,10,42,428,0,0,0,0,0,0,0,0,0,0,0,0,0,0,0,0,0,0,0,0,0,0,0,0,0,1,0,0,0,0,0,0,0,0,0,4,0,0,0,1,0,0,0,0,0,0,0,0,0,0,0,0,0,0,0,0,0,0,0,0,12,0,0,0,9,0,0,0,0,0,0,0,0,0,0,7,0,0,0,0,0,0,0,0,0,0,0,0,0,1,0,0,0,0,0,0,0,0,0,0,0,0,0,0,0,0,1,0,0,0,0,2,0,0,0,0,0,0,0,0,0,18,0,0,0,0,2,1,0,0,0,0,0,2,0,12,0,0,0,0,0,0,0,3,0,0,0,0,0,0,1,0,3,0,0,7,0,0,0,0,0,0,0,0,0,0,0,0,0,0,0
29,2/16/20,0,0,0,0,0,0,0,0,0,4,0,0,0,0,4,0,0,0,0,0,0,0,0,0,0,0,0,0,0,0,0,0,0,0,1,0,1,0,0,0,255,108,207,82,54,465,49,46,52,105,79,440,2,6639,464,8,218,240,30,40,5,33,13,71,173,140,50,131,45,1,12,42,456,0,0,0,0,0,0,0,0,0,0,0,0,0,0,0,0,0,0,0,0,0,0,0,0,0,1,0,0,0,0,0,0,0,0,0,4,0,0,0,1,0,0,0,0,0,0,0,0,0,0,0,0,3,0,0,0,0,0,0,0,12,0,0,0,9,0,0,0,0,0,0,0,0,0,0,7,0,0,0,0,0,0,0,0,0,0,0,0,0,1,0,0,0,0,0,0,0,0,0,0,0,0,0,0,0,0,1,0,0,0,0,2,0,0,0,0,0,0,0,0,0,18,0,0,0,0,2,1,0,0,0,0,0,2,0,14,0,0,0,0,0,0,0,4,0,0,0,0,0,0,8,0,3,0,0,7,0,0,0,0,0,0,0,0,0,0,0,0,0,0,0
30,2/17/20,0,0,0,0,0,0,0,0,0,4,0,0,2,0,4,0,0,0,0,0,0,0,0,1,0,0,0,0,0,0,0,0,0,0,1,0,1,0,0,0,280,114,225,90,58,524,53,57,59,122,85,509,2,7862,498,8,258,275,34,43,5,35,13,79,191,161,53,156,46,1,12,47,507,0,0,0,0,0,0,0,0,0,0,0,0,0,0,0,0,0,0,0,0,0,0,0,0,0,1,0,0,0,0,0,0,0,0,0,4,0,0,0,1,0,0,0,0,0,0,0,0,0,0,0,0,3,0,0,0,0,0,0,0,12,0,0,0,10,0,0,0,0,0,0,0,0,0,0,7,0,0,0,0,0,0,0,0,0,0,0,0,0,1,0,0,0,0,0,0,0,0,0,0,0,0,0,0,0,0,1,0,0,0,0,2,0,0,0,0,0,0,0,0,0,24,0,0,0,0,2,1,0,0,0,0,0,2,0,15,0,0,0,0,0,0,0,4,0,0,0,0,0,0,8,0,3,0,0,7,0,0,0,0,0,0,0,0,0,0,0,0,0,0,0
31,2/18/20,0,0,0,0,0,0,0,0,0,4,0,0,2,0,4,0,0,0,0,0,0,0,0,1,0,0,0,0,0,0,0,0,0,0,1,0,1,0,0,0,361,122,254,93,62,565,69,66,79,136,111,522,2,9128,527,8,280,310,36,53,5,42,15,89,211,177,61,169,48,1,12,57,535,0,0,0,0,0,0,0,0,0,0,0,0,0,0,0,0,0,0,0,0,0,0,0,0,0,1,0,0,0,0,0,0,0,0,0,4,0,0,0,12,0,0,0,0,0,0,0,0,0,0,0,0,3,0,0,0,0,0,0,0,13,0,0,0,12,0,0,0,0,0,0,0,0,0,0,13,0,0,0,0,0,0,0,0,0,0,0,0,0,1,0,0,0,0,0,0,0,0,0,0,0,0,0,0,0,0,1,0,0,0,0,2,0,0,0,0,0,0,0,0,0,29,0,0,0,0,2,1,0,0,0,0,0,2,0,15,0,0,0,0,0,0,0,4,0,0,0,0,0,0,8,0,3,0,0,7,0,0,0,0,0,0,0,0,0,0,0,0,0,0,0
32,2/19/20,0,0,0,0,0,0,0,0,0,4,0,0,2,0,4,0,0,0,0,0,0,0,0,1,0,0,0,0,0,0,0,0,0,0,1,0,1,0,0,0,413,145,274,112,65,606,86,70,84,152,120,573,5,10337,561,10,318,362,37,55,5,42,16,102,231,186,68,188,54,1,20,60,604,0,0,0,0,0,0,1,0,0,0,0,0,0,0,0,0,0,0,0,0,0,0,0,0,0,1,0,0,0,0,0,0,0,0,0,4,0,0,0,12,0,0,0,0,0,0,0,0,0,0,0,0,3,0,0,0,0,0,0,0,18,0,0,0,12,0,0,0,0,0,0,0,0,0,0,15,0,0,0,0,0,0,0,0,0,0,0,0,0,1,0,0,0,0,0,0,0,0,0,0,0,0,0,0,0,0,1,0,0,0,0,2,0,0,0,0,0,0,0,0,0,34,0,0,0,0,2,1,0,0,0,0,0,2,0,15,0,0,0,0,0,0,0,4,0,0,0,0,0,0,8,0,3,0,0,7,0,0,0,0,0,0,0,0,0,0,0,0,0,0,0
33,2/20/20,0,0,0,0,0,0,0,0,0,4,0,0,2,0,4,0,0,0,0,0,0,0,0,1,0,0,0,0,0,0,0,0,0,0,1,0,1,0,0,0,474,153,299,126,71,642,90,72,86,169,136,637,6,11788,634,16,356,433,43,59,6,44,16,118,254,199,76,217,59,1,22,79,633,0,0,0,0,0,0,1,0,0,0,0,0,0,0,0,0,0,0,0,0,0,0,0,0,0,1,0,0,0,0,0,0,0,0,0,4,0,0,0,12,0,0,0,0,0,0,0,0,0,0,0,0,3,0,0,0,0,0,0,0,18,0,0,0,16,0,0,0,0,0,0,0,0,0,0,15,0,0,0,0,0,0,0,0,0,0,0,0,0,1,0,0,0,0,0,0,0,0,0,0,0,0,0,0,0,0,1,0,0,0,0,2,0,0,0,0,0,0,0,0,0,34,0,0,0,0,2,1,0,0,0,0,0,2,0,15,0,0,0,0,0,0,0,4,0,0,0,0,0,0,8,0,3,0,0,7,0,0,0,0,0,0,0,0,0,0,0,0,0,0,0
34,2/21/20,0,0,0,0,0,0,0,0,0,4,0,1,2,0,4,0,0,0,0,0,0,0,0,1,0,0,0,0,0,0,0,0,0,0,1,0,3,0,0,0,539,169,316,149,76,690,97,77,95,184,175,736,5,11881,661,17,373,489,45,61,6,48,18,134,281,211,78,231,62,1,24,96,679,0,0,0,0,0,0,1,0,0,0,0,0,0,0,0,0,0,0,0,0,0,0,0,0,0,1,0,0,0,0,0,0,0,0,0,4,0,0,0,14,0,0,0,0,0,0,0,0,0,0,0,0,3,0,0,0,0,0,0,0,22,0,0,0,16,0,0,0,0,0,0,0,0,0,0,15,0,0,0,0,0,0,0,0,0,0,0,0,0,1,0,0,0,0,0,0,0,0,0,0,0,0,0,0,0,0,1,0,0,0,0,2,0,0,0,0,0,0,0,0,0,37,0,0,0,0,2,1,0,0,0,0,0,2,0,17,0,0,0,0,0,0,0,4,0,0,0,0,0,0,8,0,5,0,0,14,0,0,0,0,0,0,0,0,0,0,0,0,0,0,0
35,2/22/20,0,0,0,0,0,0,0,0,0,4,0,1,2,0,4,0,0,0,0,0,0,0,0,1,0,0,0,0,0,0,0,0,0,0,1,0,3,0,0,0,597,178,328,162,76,728,104,90,104,203,204,830,6,15299,692,26,401,555,52,66,6,48,18,149,302,227,81,250,65,1,25,107,719,0,0,0,0,0,0,1,0,0,0,0,0,0,0,0,0,0,0,0,0,0,0,0,0,0,1,0,0,0,0,0,0,0,0,0,4,0,0,0,14,0,0,0,0,0,0,0,0,0,0,0,0,3,0,0,0,0,0,1,0,22,0,0,0,16,0,0,0,0,0,0,0,0,0,0,15,0,0,0,0,0,0,0,0,0,0,0,0,0,1,0,0,0,0,0,0,0,0,0,0,0,0,0,0,0,0,1,0,0,0,0,2,0,0,0,0,0,0,0,0,0,37,0,0,0,0,2,1,0,0,0,0,0,2,0,17,0,0,0,0,0,0,0,4,0,0,0,0,0,0,8,0,5,0,0,14,0,0,0,0,0,0,0,0,0,0,0,0,0,0,0
36,2/23/20,0,0,0,0,0,0,0,0,0,4,0,1,2,0,4,0,0,0,0,0,0,0,0,1,0,0,0,0,0,0,0,0,0,0,1,0,3,0,0,0,637,189,335,170,78,755,106,102,106,219,222,868,11,15343,714,27,418,613,54,73,6,56,18,163,321,249,88,261,81,1,28,115,760,0,0,0,0,0,0,0,0,0,0,0,0,0,0,0,0,0,0,0,0,0,0,0,0,0,1,0,0,0,0,0,0,0,0,0,4,0,0,0,14,0,0,0,0,0,0,0,0,0,0,0,0,3,0,0,0,0,0,2,0,22,0,0,0,18,0,0,0,0,0,0,0,0,0,0,15,0,0,0,0,0,0,0,0,0,0,0,0,0,1,0,0,0,0,0,0,0,0,0,0,0,0,0,0,0,0,1,0,0,0,0,2,0,0,0,0,0,0,0,0,0,51,0,0,0,0,2,1,0,0,0,0,0,2,0,21,0,0,0,0,0,0,0,4,0,0,0,0,0,0,8,0,5,0,0,14,0,0,0,0,0,0,0,0,0,0,0,0,0,0,0
37,2/24/20,0,0,0,0,0,0,0,0,0,4,0,1,2,0,4,0,0,0,0,0,0,0,0,1,0,0,0,0,0,0,0,0,0,0,1,0,3,0,0,0,663,198,349,183,80,786,112,102,116,234,227,943,19,16748,731,34,452,645,60,80,6,58,18,173,343,261,94,276,87,1,30,124,782,0,0,0,0,0,0,0,0,0,0,0,0,0,0,0,0,0,0,0,0,0,0,0,0,0,1,0,0,0,0,0,0,0,0,0,4,0,0,0,14,0,0,0,0,0,0,0,0,0,0,0,0,3,0,0,0,0,0,1,0,22,0,0,0,18,0,0,0,0,0,0,0,0,0,0,18,0,0,0,0,0,0,0,0,0,0,0,0,0,1,0,0,0,0,0,0,0,0,0,0,0,0,0,0,0,0,1,0,0,0,0,2,0,0,0,0,0,0,0,0,0,51,0,0,0,0,2,1,0,0,0,0,0,5,0,21,0,0,0,0,0,0,0,4,0,0,0,0,0,0,8,0,5,0,0,14,0,0,0,0,0,0,0,0,0,0,0,0,0,0,0
38,2/25/20,0,0,0,0,0,0,0,0,0,4,0,1,2,0,4,0,0,0,0,0,0,0,0,1,0,0,0,0,0,0,0,0,0,0,1,0,3,0,0,0,712,215,372,199,80,822,134,104,124,248,243,1002,19,18971,768,35,458,683,63,83,7,61,18,186,355,268,98,289,91,1,30,129,808,0,0,0,0,0,0,0,0,0,0,0,0,0,0,0,0,0,0,0,0,0,0,0,0,0,1,0,0,0,0,0,0,0,0,0,11,0,0,0,14,0,0,0,0,0,0,0,0,0,0,0,0,3,0,0,0,0,0,1,0,22,0,0,0,22,0,0,0,0,0,0,0,0,0,0,18,0,0,0,0,0,0,0,0,0,0,0,0,0,1,0,0,0,0,0,0,0,0,0,0,0,0,0,0,0,0,1,0,0,0,0,2,0,0,0,0,0,0,0,0,0,53,0,0,0,0,2,1,0,0,0,0,0,5,0,22,0,0,0,0,0,0,0,4,0,0,0,0,0,0,8,0,6,0,0,16,0,0,0,0,0,0,0,0,0,0,0,0,0,0,0
39,2/26/20,0,0,0,0,0,0,0,0,0,4,0,1,2,0,4,0,0,0,0,0,0,0,0,1,0,0,0,0,0,0,0,0,0,0,1,0,3,0,0,0,744,235,384,218,81,851,147,104,129,261,249,1033,24,20969,783,38,478,719,65,88,7,65,18,192,377,272,104,307,96,1,34,144,867,0,0,0,0,0,0,10,0,0,0,0,0,0,0,0,0,0,0,0,0,0,0,0,0,0,1,0,0,0,0,0,0,0,0,0,11,0,0,0,15,0,0,0,0,0,0,0,0,0,0,0,0,3,0,49,0,0,0,3,0,22,0,0,0,22,0,0,0,0,0,0,0,0,0,0,18,0,0,0,0,0,0,0,0,0,0,0,0,0,1,0,0,0,0,0,0,0,0,0,0,0,0,0,0,0,0,1,0,0,0,0,2,0,0,0,0,0,0,0,0,0,62,0,0,0,0,2,1,0,0,0,0,0,5,0,22,0,0,0,0,0,0,0,4,0,0,0,0,0,0,8,0,6,0,0,16,0,0,0,0,0,0,0,0,0,0,0,0,0,0,0
40,2/27/20,0,0,0,0,0,0,0,0,0,4,0,1,2,0,4,0,0,0,0,0,0,0,0,1,0,0,0,0,0,0,0,0,0,0,1,0,6,0,0,0,792,248,401,228,81,890,161,112,131,274,270,1068,24,23383,804,43,498,754,67,93,8,68,18,195,387,276,107,321,102,1,43,150,932,0,0,0,0,0,0,10,0,0,0,0,0,0,0,0,0,0,0,0,0,0,0,0,0,0,1,0,0,0,0,0,0,0,0,0,11,0,0,0,16,0,0,0,0,0,0,0,0,0,0,0,0,3,0,49,0,0,1,45,0,22,0,0,0,22,0,0,0,0,0,0,0,0,0,0,18,0,0,0,0,0,0,0,0,0,0,0,0,0,1,0,0,0,0,0,0,0,0,0,0,0,0,0,0,0,0,1,0,0,0,0,2,0,0,0,0,0,0,0,0,0,62,0,0,0,0,2,1,0,0,0,0,0,5,0,22,0,0,0,0,0,0,0,4,0,0,0,0,0,0,8,0,6,0,0,16,0,0,0,0,0,0,0,0,0,0,0,0,0,0,0
41,2/28/20,0,0,0,0,0,0,0,0,0,4,0,1,2,0,4,0,0,0,0,0,0,0,0,1,0,0,0,0,0,0,0,0,0,0,1,0,6,0,0,0,821,257,422,235,82,935,168,112,133,277,283,1112,30,26403,830,45,515,790,73,93,8,68,18,199,405,279,112,338,102,1,52,156,975,0,0,0,0,0,0,10,0,0,0,0,0,0,0,0,0,0,1,0,0,0,0,0,0,0,1,0,0,0,0,0,0,0,0,0,11,0,0,0,16,0,0,0,0,0,0,0,0,0,0,0,0,3,0,73,0,0,1,46,0,22,0,0,0,22,0,0,0,0,0,0,0,0,0,0,18,0,0,0,0,0,0,0,0,0,0,0,0,0,1,0,0,0,0,0,0,0,0,0,0,0,0,0,0,0,0,1,0,0,0,0,2,0,0,0,0,0,0,0,0,0,62,0,0,0,0,2,1,0,0,0,0,0,6,0,28,0,0,0,0,0,0,0,5,0,0,0,0,0,0,8,0,7,0,0,16,0,0,0,0,0,0,0,0,0,0,0,0,0,0,0
42,2/29/20,0,0,0,0,0,0,0,0,0,4,0,1,2,0,4,0,0,0,0,0,0,0,0,1,0,0,0,0,0,0,0,0,0,0,1,0,6,0,0,0,868,271,438,243,82,983,176,112,148,282,301,1170,33,28993,846,49,523,811,75,96,8,69,18,207,421,287,114,351,109,1,62,157,1016,0,0,0,0,0,0,10,0,0,0,0,0,0,0,0,0,0,1,0,0,0,0,0,0,0,1,0,0,0,0,0,0,0,0,0,12,0,0,0,16,0,0,0,0,0,0,0,0,0,0,0,0,3,0,123,0,0,1,46,0,32,0,0,0,27,0,0,0,0,0,0,0,0,0,0,18,0,0,0,0,0,0,0,0,0,0,0,0,0,1,0,0,0,0,0,0,0,0,0,0,1,0,0,0,0,0,1,0,0,0,0,2,0,0,0,0,0,0,0,0,0,72,0,0,0,0,2,1,0,0,0,0,0,9,0,28,0,0,0,0,0,0,0,5,0,0,0,0,0,0,8,0,7,0,0,16,0,0,0,0,0,0,0,0,0,0,0,0,0,0,0
43,3/1/20,0,0,0,0,0,0,0,0,0,4,0,1,2,0,4,0,0,0,0,0,0,0,0,1,0,0,0,0,0,0,0,0,0,0,1,0,6,0,0,0,873,276,450,247,84,1016,181,112,149,294,342,1198,36,31536,866,52,536,831,78,103,8,69,18,208,443,290,116,365,111,1,64,163,1046,0,0,0,0,0,0,10,0,0,0,0,0,0,0,0,0,0,1,0,0,0,0,0,0,0,1,0,0,0,0,0,0,0,0,0,12,0,0,0,16,0,0,0,0,0,0,0,0,0,0,0,0,3,0,175,0,0,1,83,0,32,0,0,0,30,0,0,0,0,0,0,0,0,0,0,18,0,0,0,0,0,0,0,0,0,0,0,0,0,1,0,0,0,0,0,0,0,0,0,0,1,0,0,0,0,0,1,0,0,0,0,2,0,0,0,0,0,0,0,0,0,72,0,0,0,0,2,1,0,0,0,0,0,9,0,28,0,0,0,0,0,0,0,5,0,0,0,0,0,0,8,0,7,0,0,16,0,0,0,0,0,0,0,0,0,0,0,0,0,0,0
44,3/2/20,0,0,0,0,0,0,0,0,0,4,0,1,2,0,4,0,0,0,0,0,0,0,0,1,0,0,0,0,0,0,0,0,0,0,1,0,6,0,0,0,917,282,469,255,85,1059,192,114,151,296,356,1205,36,33934,887,54,543,850,83,103,8,69,18,216,460,292,119,386,111,1,66,168,1069,0,0,0,0,0,0,10,0,0,0,0,0,0,0,0,0,0,1,0,0,0,0,0,0,0,1,0,0,0,0,0,0,0,0,0,12,0,0,0,16,0,0,0,0,0,0,0,0,0,0,0,0,3,0,291,0,0,1,149,0,32,0,0,0,30,0,0,0,0,0,0,0,0,0,0,18,0,0,0,0,0,0,0,0,0,0,0,0,0,1,0,0,0,0,0,0,0,0,0,0,1,0,0,0,0,0,1,0,0,0,0,2,0,0,0,0,0,0,0,0,0,78,0,0,0,0,2,1,0,0,0,0,0,12,0,31,0,0,0,0,0,0,0,5,0,0,0,0,0,0,8,0,7,0,0,16,0,0,0,0,0,0,0,0,0,0,0,0,0,0,0
45,3/3/20,0,0,0,0,0,0,0,0,0,4,0,1,2,0,4,0,0,0,0,0,0,0,0,1,0,0,0,0,0,0,0,0,0,0,1,0,6,0,0,0,936,288,490,260,86,1101,202,114,155,300,366,1231,37,36208,906,59,562,870,83,106,9,69,18,216,511,294,124,394,124,1,68,169,1093,0,0,0,0,0,0,10,0,0,0,0,0,0,0,0,0,0,1,0,0,0,0,0,0,0,1,0,0,0,0,0,0,0,0,0,12,0,0,0,16,0,0,0,0,0,0,0,0,0,0,0,0,3,0,291,0,0,1,160,0,43,0,0,0,30,0,0,0,0,0,0,0,0,0,0,22,0,0,0,0,0,1,0,0,0,0,0,0,0,1,0,0,0,0,0,0,0,0,0,0,2,0,0,0,0,0,1,0,0,0,0,2,0,0,0,0,0,0,0,0,0,78,0,0,0,0,2,1,0,0,0,2,0,12,0,31,0,0,0,0,0,0,0,5,0,0,0,0,0,0,8,0,7,0,0,16,0,0,0,0,0,0,0,0,0,0,0,0,0,0,0
46,3/4/20,0,0,0,0,0,0,0,0,0,4,0,1,2,0,4,0,0,0,0,0,0,0,0,1,0,0,0,0,0,0,0,0,0,0,1,0,6,0,0,0,956,297,502,270,87,1133,210,114,158,301,373,1234,37,38557,916,63,577,884,86,106,9,69,18,223,516,298,124,406,124,1,69,169,1114,0,0,0,0,0,0,10,0,0,0,0,0,0,0,0,0,0,1,0,0,0,0,0,0,0,1,0,0,0,0,0,0,0,0,0,12,0,0,0,16,0,0,0,0,0,0,0,0,0,0,0,0,3,0,552,0,0,1,276,0,43,0,0,0,41,0,0,0,1,0,0,0,0,0,0,22,0,0,0,0,0,1,0,0,0,0,0,0,0,1,0,0,0,0,0,0,0,0,0,0,2,0,0,0,0,0,1,0,0,0,1,2,0,0,0,0,0,0,0,0,0,78,0,0,0,0,2,1,0,0,0,3,0,12,0,31,0,0,0,0,0,0,0,5,0,0,0,0,0,0,8,0,7,0,0,16,0,0,0,0,0,0,0,0,0,0,0,0,0,0,0
47,3/5/20,0,0,0,0,0,0,0,0,0,4,0,8,2,0,7,0,0,0,0,0,0,0,0,1,0,0,0,0,0,0,0,0,0,0,1,0,6,0,0,0,970,297,512,277,87,1181,214,114,158,304,379,1239,43,40592,938,65,583,901,88,106,9,69,18,224,578,303,126,425,128,1,70,169,1124,0,0,0,0,0,0,10,0,0,0,0,0,0,0,0,0,0,1,0,0,0,0,0,0,0,1,0,0,0,0,0,0,0,0,0,12,0,0,0,16,0,0,0,0,0,0,0,0,0,0,0,0,3,0,739,0,0,1,414,0,43,0,0,0,41,0,0,0,1,0,0,0,0,0,0,22,0,0,0,0,0,1,0,0,0,0,0,0,0,1,0,0,0,0,0,0,0,0,0,0,2,0,0,0,0,0,1,0,0,0,1,2,0,0,0,0,0,0,0,0,0,78,0,0,0,0,2,1,0,0,0,3,0,12,0,31,0,0,0,0,0,0,0,5,0,0,0,0,0,0,8,0,7,0,0,16,0,0,0,0,0,0,0,0,0,0,0,0,0,0,0
48,3/6/20,0,0,0,0,0,0,0,0,0,4,0,8,2,0,7,0,0,0,0,4,0,0,0,1,0,0,0,0,0,0,0,0,0,0,1,0,6,0,0,0,979,299,513,284,87,1216,217,114,158,305,396,1244,46,42033,955,65,594,909,90,106,10,71,18,226,618,306,126,442,128,1,71,170,1147,0,0,0,0,0,0,40,0,0,0,0,0,1,0,0,0,0,1,0,0,0,0,0,0,0,1,0,0,0,0,0,0,0,0,0,12,0,0,0,17,0,0,0,0,0,0,0,0,0,0,0,0,3,0,913,0,0,2,523,0,46,0,0,0,135,0,0,0,1,0,0,0,0,0,0,22,0,0,0,0,0,1,0,0,0,0,0,0,0,1,0,0,0,0,0,0,0,0,0,0,2,0,0,0,0,0,1,0,0,0,1,2,0,0,0,0,0,0,0,0,0,78,0,0,0,0,2,1,0,0,0,3,0,12,0,31,0,0,0,0,0,0,0,5,0,0,0,0,0,0,8,0,7,0,0,16,0,0,0,0,0,0,0,0,0,0,0,0,0,0,0
49,3/7/20,0,0,0,0,0,0,0,0,0,4,0,8,2,0,7,0,0,0,0,4,0,0,0,1,0,0,0,0,0,0,0,0,0,0,1,0,8,0,0,0,979,303,526,295,87,1237,218,115,158,307,403,1244,51,43500,960,67,606,916,90,107,10,71,18,226,627,313,126,454,128,1,72,170,1154,0,0,0,0,0,0,40,0,0,0,0,0,1,0,0,0,0,1,0,0,0,0,0,0,0,1,0,0,0,0,0,0,0,0,0,12,0,0,0,18,0,0,0,0,0,0,0,0,0,0,0,0,3,0,1669,0,0,2,589,0,76,0,0,0,135,0,0,0,1,0,0,0,0,0,0,23,0,0,0,0,0,1,0,0,0,0,0,0,0,1,0,0,0,0,0,0,0,0,0,0,2,0,0,0,0,0,1,0,0,0,3,2,0,0,0,0,0,0,0,0,0,78,0,0,0,0,30,1,0,0,0,3,0,12,0,31,0,0,0,0,0,0,0,7,0,0,0,0,0,0,18,0,7,0,0,16,0,0,0,0,0,0,0,0,0,0,0,0,0,0,0
50,3/8/20,0,0,0,0,0,0,0,0,0,4,0,8,2,0,7,0,0,0,0,4,0,0,0,1,0,0,0,0,0,0,0,0,0,0,1,0,8,0,0,0,984,308,527,295,87,1256,223,117,159,307,412,1247,58,45235,968,70,612,919,90,109,10,71,18,227,642,314,126,464,128,1,73,170,1161,0,0,0,0,0,0,40,0,0,0,0,0,1,0,0,0,0,1,0,0,0,0,0,0,0,1,0,0,0,0,0,0,0,0,0,12,0,0,0,18,0,0,0,0,0,0,0,0,0,0,0,0,3,0,2134,0,0,2,622,0,76,0,0,0,118,1,0,0,1,0,0,0,0,0,0,24,0,0,0,0,0,1,0,0,0,0,0,0,0,1,0,0,0,0,0,0,0,0,0,0,2,1,0,0,0,0,1,0,0,0,3,3,0,0,0,0,0,0,1,0,0,78,0,0,0,0,30,1,0,0,0,3,0,13,0,31,0,0,0,0,0,0,0,7,0,0,0,0,0,0,18,0,7,0,0,16,0,0,0,0,0,0,0,0,0,0,0,0,0,0,0
51,3/9/20,0,0,0,0,0,0,0,0,0,4,0,8,2,0,7,0,2,0,0,14,0,0,1,1,0,0,0,0,0,0,0,0,0,0,1,0,8,0,0,0,984,315,542,295,88,1260,230,123,159,307,430,1247,59,46488,979,70,621,923,91,109,10,71,18,227,700,315,127,466,130,1,73,170,1176,0,0,0,0,0,0,40,0,0,0,0,0,1,0,0,0,0,1,0,0,0,0,0,0,0,1,0,0,0,0,0,0,0,0,0,12,0,0,0,18,0,0,0,0,0,0,0,0,0,0,0,0,3,0,2394,3,0,2,724,0,76,0,0,0,118,1,0,0,1,0,0,0,0,0,0,24,0,0,0,0,0,1,0,0,0,0,0,0,0,1,0,0,0,0,0,0,0,0,0,1,2,1,0,0,0,0,1,0,0,0,3,3,0,0,0,0,0,0,1,0,0,78,0,0,0,0,32,1,0,0,1,3,0,15,0,31,0,0,0,0,0,0,0,7,0,0,0,0,0,0,18,0,7,0,0,16,0,0,0,0,0,0,0,0,0,0,0,0,0,0,0
52,3/10/20,0,0,0,0,0,0,0,0,0,4,0,8,2,0,7,0,4,0,0,22,0,0,3,1,0,0,0,0,0,0,0,0,0,0,1,0,8,0,0,0,984,320,547,295,88,1274,234,129,159,307,434,1247,65,47743,990,70,627,927,91,111,10,71,18,227,719,319,131,478,131,1,73,170,1191,0,0,0,0,0,0,40,0,0,0,0,0,1,0,0,0,0,1,0,0,0,0,0,0,0,1,0,0,0,0,0,0,0,0,0,12,0,0,0,18,0,0,0,0,0,0,0,0,0,0,0,1,4,2,2731,3,0,4,724,0,101,0,0,0,247,1,0,1,1,0,0,0,0,0,0,24,0,0,0,0,0,4,0,0,0,0,0,0,0,1,0,0,0,0,0,0,0,0,0,1,9,1,0,0,0,0,2,0,0,0,3,3,0,0,0,0,0,1,1,0,0,78,0,0,0,0,32,1,0,0,1,3,0,17,0,33,0,0,0,0,0,0,0,12,0,0,0,1,0,0,18,0,8,0,0,16,0,0,0,0,0,0,0,0,0,0,0,0,0,0,0
53,3/11/20,0,0,0,0,0,0,0,0,0,4,0,8,2,0,7,0,4,3,0,35,0,0,3,1,0,0,0,0,0,0,0,0,0,0,1,0,8,0,0,0,984,326,554,295,88,1282,238,133,159,307,436,1249,65,49134,995,71,627,932,91,111,10,72,18,232,726,320,131,488,131,1,73,170,1195,0,0,0,0,0,0,325,0,0,0,0,0,1,0,0,0,0,27,0,0,0,0,0,0,0,1,0,0,0,0,0,0,0,0,0,12,0,0,0,25,0,0,0,0,0,0,0,0,0,0,0,1,4,2,2959,15,0,4,1045,0,118,0,0,0,288,2,0,1,1,0,0,0,0,0,0,26,0,0,0,0,0,4,0,0,0,0,0,0,0,1,0,0,0,0,0,0,0,0,0,1,9,2,0,0,0,0,2,0,0,0,6,3,0,0,0,0,0,1,1,0,0,96,0,0,0,0,183,1,0,0,1,4,0,17,0,34,0,0,0,0,0,0,0,17,0,0,0,1,0,0,18,0,8,0,0,16,0,0,0,0,0,0,0,0,0,0,0,0,0,0,0
54,3/12/20,0,0,8,1,0,0,0,0,0,4,0,8,2,0,7,0,4,3,0,35,0,0,3,1,0,0,0,0,0,0,0,0,0,0,1,0,8,0,0,0,984,334,564,295,88,1289,241,137,160,308,441,1249,67,50318,999,71,629,934,91,112,10,72,18,232,734,321,132,498,132,1,73,170,1197,0,0,0,0,0,0,325,0,0,0,0,0,1,0,0,0,0,27,0,0,0,0,0,0,0,1,0,0,0,0,0,0,0,0,0,12,0,0,0,25,0,0,0,0,0,0,0,0,0,0,0,1,4,2,2959,15,0,4,1045,0,118,0,0,0,333,5,0,1,1,0,0,0,0,0,0,26,0,0,0,0,0,4,0,0,0,0,0,0,0,1,0,0,0,0,0,0,0,0,0,1,9,2,0,0,0,0,2,0,0,0,6,3,0,0,0,0,0,1,1,0,0,96,0,0,0,0,183,1,0,0,1,4,0,20,0,34,0,0,0,0,0,0,0,17,0,0,0,1,0,0,18,0,12,0,0,16,0,0,0,0,0,0,0,0,0,0,0,0,0,0,0
55,3/13/20,0,0,8,0,0,0,0,0,0,4,0,8,3,0,8,0,6,3,0,44,0,0,3,1,0,0,0,0,0,0,0,0,0,0,1,0,8,0,0,0,984,342,566,295,88,1296,243,140,160,310,446,1249,77,51553,1005,71,630,934,91,112,10,72,18,232,739,324,133,503,132,1,73,170,1197,0,0,0,0,0,1,325,0,0,0,0,0,1,0,0,0,0,27,0,0,0,0,0,0,0,1,0,0,0,0,0,0,0,0,0,12,0,0,0,46,0,0,0,0,0,0,0,0,0,0,0,1,4,2,2959,24,0,4,1439,0,118,1,0,0,510,5,0,1,1,0,0,0,0,0,0,26,0,0,1,0,0,4,0,0,0,0,1,0,0,1,0,0,0,0,0,0,0,0,1,1,9,2,0,0,0,0,2,0,1,0,7,3,0,0,0,0,0,1,1,0,0,97,0,0,0,0,193,1,0,0,1,4,0,20,0,35,0,0,0,0,0,0,0,17,0,0,0,1,0,0,18,0,12,0,0,16,0,0,0,0,0,0,0,0,0,0,0,0,0,0,0
56,3/14/20,0,0,12,1,0,0,1,0,0,4,0,8,3,0,8,0,6,3,0,44,0,0,3,1,0,0,0,0,0,0,0,0,0,0,1,0,8,0,0,0,984,349,569,295,89,1299,243,143,160,310,447,1250,78,52960,1014,71,630,934,91,113,10,73,18,232,741,324,133,511,132,1,73,172,1211,0,0,0,0,0,1,325,0,0,0,0,0,1,0,0,0,0,27,0,0,0,0,0,0,0,1,0,0,0,0,0,0,0,0,0,12,0,0,0,46,0,0,8,0,0,0,0,0,0,0,1,1,4,8,2959,26,0,4,1966,0,118,1,0,0,510,5,0,1,1,0,0,0,0,0,0,35,0,0,1,0,0,4,0,0,0,0,1,0,0,1,0,0,0,2,0,0,0,0,1,1,9,2,0,0,0,0,2,0,2,4,9,8,0,0,0,0,4,1,1,0,0,105,0,0,0,0,517,1,0,0,1,4,0,20,0,35,0,0,0,0,0,0,0,17,0,0,0,1,0,0,18,0,12,0,0,16,0,0,0,0,0,0,0,0,0,0,0,0,0,0,0
57,3/15/20,0,0,12,1,0,0,1,0,0,4,0,8,3,0,8,0,6,6,0,60,0,0,3,1,0,0,0,0,0,0,0,0,0,0,1,0,8,0,0,0,984,353,570,295,91,1304,243,143,160,310,453,1250,81,54288,1014,71,631,934,91,114,10,73,18,232,741,324,133,516,133,1,73,172,1211,0,0,0,0,0,1,325,0,0,0,0,0,1,0,0,0,0,21,0,0,0,1,0,0,0,10,0,0,0,0,0,0,0,0,0,12,0,0,0,46,0,0,8,0,0,0,0,0,0,0,1,8,13,8,4590,26,0,4,2335,0,118,1,0,0,510,5,0,1,1,0,0,0,1,0,0,42,0,0,1,0,0,4,0,0,0,0,1,0,0,1,0,0,0,2,0,0,0,0,1,1,9,2,0,0,0,0,2,0,2,4,9,8,0,0,0,0,4,1,1,0,0,105,0,0,0,0,517,1,0,0,1,4,0,20,0,35,0,0,0,0,0,0,0,23,0,0,0,1,0,0,18,0,12,0,0,16,0,0,0,0,0,0,0,0,0,0,0,0,0,0,0
58,3/16/20,1,0,12,1,0,0,1,0,0,4,0,8,3,0,8,0,6,6,0,77,2,0,3,1,0,0,0,0,0,1,0,0,0,0,1,0,9,0,0,0,984,360,570,295,91,1306,248,144,161,310,455,1250,84,55142,1014,73,631,934,92,115,10,75,18,233,746,325,133,516,133,1,73,172,1216,0,0,0,0,0,2,325,0,0,3,0,0,1,0,0,0,0,27,0,0,0,1,0,0,0,10,0,0,0,0,0,0,0,0,0,12,0,0,1,67,0,0,8,0,0,0,0,0,0,0,1,0,13,8,4590,26,0,4,2749,2,144,1,0,0,1137,9,0,1,1,0,0,0,1,0,0,42,0,0,2,0,0,4,0,0,0,0,1,0,0,1,0,0,0,2,0,0,0,0,1,1,9,2,0,0,0,0,2,13,3,4,9,8,0,0,0,0,4,2,2,1,0,109,0,0,0,0,530,1,0,0,1,4,0,20,0,35,0,0,0,0,0,0,0,23,0,0,0,1,0,0,20,0,17,0,0,16,0,0,0,0,0,0,0,0,0,0,0,0,0,0,0
59,3/17/20,1,0,12,1,0,0,3,1,0,4,0,8,3,0,8,0,1,6,0,81,3,0,3,1,0,0,0,0,2,2,0,0,0,0,1,0,9,0,0,0,984,369,570,295,91,1307,248,144,161,310,456,1250,88,56003,1014,73,631,934,92,120,10,75,18,236,746,325,133,520,133,1,73,172,1216,1,0,0,0,1,4,325,0,0,3,0,0,1,0,0,0,0,32,0,0,0,1,0,0,0,10,0,0,0,0,0,0,0,0,0,12,0,0,1,67,0,0,8,0,0,0,0,0,0,0,2,0,14,8,5389,32,5,11,2941,2,144,1,0,0,1407,9,0,1,3,0,0,0,1,0,0,49,0,0,2,0,0,4,1,0,0,0,1,0,0,1,0,0,0,2,0,0,0,0,1,1,9,2,0,0,0,1,5,13,3,4,16,8,0,0,0,0,4,6,2,1,0,114,0,0,0,0,1028,1,0,0,1,4,0,22,0,41,0,0,0,0,0,0,0,23,0,0,0,1,0,0,52,0,17,0,0,16,0,0,0,0,0,0,0,0,0,0,0,0,0,0,0
60,3/18/20,1,0,12,1,0,0,3,1,0,4,0,8,3,0,8,0,9,6,0,88,3,0,5,31,0,0,0,0,2,2,0,0,0,0,1,0,9,0,0,0,984,378,570,295,91,1313,250,144,161,310,459,1250,92,56927,1014,73,631,934,92,122,10,75,18,237,746,326,133,525,133,1,73,172,1216,1,0,0,0,1,4,325,0,0,3,0,0,1,0,0,0,0,32,0,0,0,1,0,0,0,10,0,0,0,0,0,0,0,0,0,12,0,0,1,105,0,0,8,0,0,0,0,0,0,0,2,5,14,11,5389,43,5,11,4025,2,144,1,0,0,1540,15,0,1,3,0,0,0,1,0,0,60,0,0,2,0,0,4,1,0,0,0,1,0,0,1,0,0,0,2,0,0,0,1,1,1,12,2,0,0,0,1,5,13,3,4,19,8,0,0,0,0,4,6,2,1,0,114,0,0,0,0,1081,1,0,0,1,15,0,22,0,42,0,0,0,0,0,0,0,26,0,0,0,2,0,0,65,0,105,0,0,16,0,0,0,0,0,0,0,0,0,0,0,0,0,0,0
61,3/19/20,1,0,32,1,0,0,3,1,0,4,0,8,3,3,8,0,9,6,0,100,3,0,5,31,0,0,0,0,2,2,0,0,0,0,1,0,9,0,0,0,984,380,570,295,91,1318,250,144,161,310,460,1250,95,57682,1014,74,631,934,92,122,10,75,18,237,747,326,133,536,133,1,73,172,1217,1,0,0,0,1,5,325,0,0,3,0,0,1,0,0,0,0,32,0,0,0,1,0,0,0,10,0,0,0,0,0,0,0,0,0,12,0,0,1,113,0,0,8,0,0,0,0,0,0,0,2,5,15,11,5710,43,5,11,4440,2,150,1,0,0,1540,18,0,1,4,0,0,0,1,0,0,75,0,0,2,0,0,4,1,0,0,0,1,0,0,1,0,0,0,2,0,0,0,1,1,1,12,13,0,0,0,1,8,1,3,4,25,9,0,0,0,0,4,6,2,1,0,114,0,0,0,0,1107,3,0,0,16,15,0,26,0,42,0,0,0,0,0,0,0,31,0,0,0,2,0,0,65,0,121,0,0,16,0,0,0,0,0,0,0,0,0,0,0,0,0,0,0
62,3/20/20,1,0,32,1,0,0,3,1,0,4,0,8,3,3,8,0,9,6,0,100,3,0,5,1,0,0,0,0,2,2,1,0,0,0,1,0,9,0,0,6,984,390,570,295,98,1323,250,144,161,310,463,1250,98,58382,1014,74,631,934,92,122,10,75,18,237,748,326,133,536,133,1,73,172,1219,1,0,0,0,1,5,325,0,0,4,0,0,1,0,0,0,0,39,0,0,0,1,0,0,0,10,0,0,0,0,0,0,0,0,0,12,0,0,1,180,0,0,19,0,0,0,0,0,0,0,2,5,20,15,6745,49,5,14,4440,2,191,1,0,0,1540,18,0,1,4,0,0,0,1,0,0,87,0,0,2,0,0,4,1,0,0,0,1,0,0,1,0,0,0,2,0,0,0,1,1,1,12,13,0,0,0,1,8,1,5,10,25,9,0,0,0,0,4,8,2,1,0,124,0,0,0,0,1588,3,0,0,16,15,0,26,0,42,0,1,0,0,0,0,0,31,0,0,0,2,0,0,65,0,147,0,0,16,0,0,17,0,0,0,0,0,0,0,0,0,0,0,0
63,3/21/20,1,2,32,1,0,0,3,1,0,4,0,8,3,3,8,0,9,11,0,125,3,0,15,263,0,0,0,0,2,2,2,3,5,0,1,0,10,0,0,6,984,396,570,295,113,1325,250,144,161,310,463,1250,98,58946,1014,74,631,934,92,122,10,75,18,239,749,327,133,536,133,1,73,172,1219,1,0,0,2,1,5,325,0,0,6,0,0,1,0,0,0,3,41,0,0,0,1,0,0,0,10,0,0,0,0,0,0,0,0,0,12,0,0,1,233,0,0,19,0,0,0,0,0,0,0,7,22,23,15,7635,51,5,36,6072,2,232,1,0,0,1540,27,0,1,4,0,0,0,1,0,0,114,0,0,2,0,0,4,1,0,0,0,3,0,0,1,0,0,0,2,0,0,0,1,1,1,12,13,0,0,0,1,13,1,5,27,52,12,0,0,0,0,4,16,5,1,0,140,0,0,0,0,2125,1,0,0,16,15,0,28,0,42,0,1,1,0,0,0,1,38,0,0,0,2,0,0,65,0,176,0,0,17,0,0,17,0,0,0,0,0,0,0,0,0,0,0,0
64,3/22/20,1,2,65,1,0,0,3,2,0,4,0,8,3,3,70,0,9,10,0,149,3,0,15,263,0,0,0,0,2,2,2,3,5,0,1,0,10,0,0,8,984,400,570,295,114,1329,250,144,161,310,466,1250,100,59433,1014,74,631,934,92,124,10,75,18,239,750,328,133,536,133,1,73,172,1219,3,0,0,2,1,5,325,0,3,6,0,0,1,0,0,0,3,56,0,0,0,2,0,4,0,10,6,0,0,0,0,0,0,0,0,2200,0,0,3,266,0,0,19,0,0,0,0,0,0,0,16,36,27,29,7931,57,5,37,7024,2,235,1,0,0,2909,27,0,1,8,0,0,0,1,6,0,139,0,0,2,0,0,4,1,1,0,0,3,0,0,1,0,0,0,2,0,0,0,2,1,1,17,5,0,0,0,1,17,1,5,33,64,16,0,0,0,0,4,16,5,1,0,144,7,0,0,0,2575,3,0,0,16,131,0,28,0,44,0,1,1,1,0,0,1,38,0,0,0,2,0,0,65,0,178,0,15,17,0,0,17,0,0,0,0,0,0,0,0,0,0,0,0
65,3/23/20,1,2,65,1,0,0,3,2,0,4,0,8,3,3,70,0,9,10,0,149,3,0,15,263,0,0,0,0,2,2,2,3,5,0,1,0,10,0,0,8,984,400,570,295,114,1332,250,144,161,310,465,1250,100,59879,1014,74,631,934,92,124,10,75,18,239,751,329,133,536,133,1,73,172,1221,3,0,0,2,1,5,325,0,3,6,0,0,1,0,0,0,3,56,0,0,0,2,0,4,0,10,6,0,0,0,0,0,0,0,0,2200,0,0,3,266,0,0,19,0,0,0,0,0,0,0,16,36,27,29,7931,57,5,37,7024,2,235,1,0,0,2909,27,0,1,8,0,0,0,1,6,0,139,0,0,2,0,0,4,1,1,0,0,3,0,0,1,0,0,0,2,0,0,0,2,1,1,17,5,0,0,0,1,17,1,5,33,64,16,0,0,0,0,4,16,5,1,0,144,7,0,0,0,2575,3,0,0,16,131,0,28,0,44,0,1,1,1,0,0,1,38,0,0,0,2,0,0,65,0,178,0,15,17,0,0,17,0,0,0,0,0,0,0,0,0,0,0,0
66,3/24/20,1,10,24,1,0,0,52,14,0,4,0,8,3,3,97,0,9,10,1,177,5,0,22,461,0,0,0,0,2,2,2,3,7,0,4,0,110,0,0,17,984,401,570,295,119,1333,250,144,168,310,468,1250,101,60324,1014,74,631,934,92,124,10,75,18,240,752,330,133,536,133,1,73,172,1221,6,0,0,2,2,5,325,1,3,10,33,2,1,0,0,3,3,80,0,0,0,7,0,0,0,10,6,0,0,0,0,0,1,0,0,3243,0,0,9,3243,0,0,29,0,0,0,0,0,0,0,21,51,40,30,8913,75,5,53,8326,2,285,1,0,0,3507,39,0,1,8,0,0,0,1,6,0,183,5,0,2,0,0,4,2,1,0,0,6,0,2,1,1,0,0,2,12,0,0,2,1,6,17,18,1,0,0,1,20,1,22,41,79,22,0,0,0,0,4,28,8,15,0,156,7,0,0,4,3794,2,0,0,16,131,0,29,0,52,0,1,0,1,0,0,1,45,0,0,0,5,0,0,135,0,348,0,15,17,0,0,17,0,0,0,0,0,0,0,0,0,0,0,0
67,3/25/20,2,17,65,1,0,0,52,16,0,4,0,8,6,3,97,1,9,10,1,177,7,0,29,547,0,0,0,0,2,2,2,4,10,0,10,2,183,0,0,22,984,403,570,295,119,1336,250,144,168,310,468,1250,102,60811,1014,74,631,934,92,124,10,75,18,240,752,330,133,536,133,1,73,172,1221,8,0,0,2,3,22,587,1,3,10,38,2,1,0,0,3,3,95,0,0,0,8,0,0,0,10,6,0,0,0,0,0,1,0,0,3900,0,0,10,3547,0,0,36,4,0,0,0,0,0,0,21,56,43,31,9625,103,5,58,9362,2,310,1,0,1,3730,43,0,1,20,0,0,0,1,6,0,199,8,0,2,0,0,4,2,1,0,0,7,0,2,1,1,0,0,3,22,0,0,2,1,6,17,21,1,0,0,1,26,7,22,41,86,29,0,0,0,0,4,29,9,15,0,160,7,10,0,12,5367,3,0,0,16,131,0,29,0,70,0,1,0,2,26,0,1,52,0,0,0,5,0,0,135,0,361,0,15,17,0,0,17,0,0,0,0,0,0,0,0,0,0,0,0
68,3/26/20,2,17,29,1,0,0,63,18,1,4,0,8,6,3,149,1,112,15,1,204,11,0,29,675,0,0,0,0,2,6,5,8,10,0,10,2,184,0,0,22,984,406,570,295,121,1336,250,144,168,310,469,1250,110,61201,1014,74,631,934,92,124,10,75,18,242,752,331,133,536,133,1,73,172,1222,8,0,0,2,3,22,597,1,4,10,47,2,1,0,0,3,3,102,0,0,0,8,0,0,0,10,6,0,0,0,0,0,1,0,0,4948,0,0,11,5673,1,0,36,4,0,0,0,0,0,0,28,82,45,35,10457,105,5,68,10361,2,359,1,2,1,4144,49,0,1,23,0,0,0,1,6,0,215,8,0,2,0,0,4,2,1,0,0,8,0,2,1,1,2,0,3,27,0,0,2,3,6,23,21,2,0,0,14,28,7,43,43,94,38,0,0,0,0,4,33,9,0,0,172,2,10,0,12,7015,7,0,0,16,131,0,29,0,88,0,1,0,2,26,0,1,52,2,0,0,13,0,0,135,0,681,0,15,20,0,0,17,0,0,0,0,0,0,0,0,0,0,0,0
69,3/27/20,2,31,29,1,0,0,72,28,1,4,0,8,6,3,171,1,225,15,1,227,11,0,32,858,0,0,0,0,5,6,11,9,12,0,11,2,256,0,0,43,984,408,570,295,123,1337,250,144,168,310,469,1250,110,61732,1014,74,631,934,92,124,10,75,18,242,752,334,133,536,133,1,73,172,1222,10,0,2,3,3,37,597,4,15,11,54,2,1,0,0,3,3,116,0,0,0,11,0,0,0,10,6,0,0,0,0,0,1,0,0,5700,0,0,14,6658,2,0,52,4,0,0,0,0,0,0,34,97,73,46,11133,122,5,79,10950,2,372,18,3,1,4528,57,0,1,27,0,0,0,1,40,0,259,9,0,2,0,0,4,2,1,0,0,11,0,2,1,1,2,0,3,37,0,0,3,3,6,23,23,2,0,1,16,31,7,43,43,115,45,0,0,1,0,4,35,11,0,0,183,2,10,0,31,9357,7,0,0,16,1530,0,29,1,97,0,1,1,2,42,0,5,52,2,0,0,14,0,0,135,0,869,5,31,20,0,0,17,0,1,0,0,0,0,0,0,0,0,0,0
70,3/28/20,2,31,31,1,0,0,72,30,2,4,0,8,6,5,191,28,225,15,1,265,15,0,32,1063,0,0,0,0,5,6,25,11,21,0,13,2,466,0,0,61,984,410,570,295,125,1341,250,144,168,310,469,1251,112,62098,1014,74,631,934,92,124,10,75,18,242,752,334,133,536,133,1,73,172,1225,10,0,2,3,3,45,597,4,15,11,54,2,1,0,0,3,3,121,0,0,0,20,0,1,0,10,6,0,17,0,0,0,1,0,0,5700,0,0,14,8481,2,0,52,10,0,0,0,0,0,3,34,114,84,59,11679,131,5,89,12384,2,404,18,16,1,4811,64,0,1,30,0,0,0,1,40,0,320,9,0,2,0,0,4,2,1,0,0,11,0,2,1,1,2,0,3,50,0,0,3,3,7,23,29,2,0,1,16,35,7,43,45,139,49,0,0,1,1,6,37,18,0,0,198,2,10,0,31,12285,9,0,0,16,1530,0,30,1,97,0,1,1,2,70,0,5,52,2,0,0,14,0,0,135,0,1072,5,39,21,0,0,18,0,1,0,0,0,0,0,0,0,0,0,0
71,3/29/20,2,33,31,1,0,0,72,30,2,4,0,8,6,5,191,28,479,15,1,272,15,0,32,1359,0,0,0,0,8,6,34,14,23,0,21,5,466,0,0,75,984,412,570,295,125,1349,250,144,168,310,469,1251,112,62570,1014,74,631,934,92,124,10,75,18,242,752,334,133,536,133,1,73,172,1225,10,0,2,3,4,52,603,4,15,11,70,2,1,0,0,3,3,132,0,0,0,20,0,1,0,10,6,0,17,0,0,0,1,0,0,7202,0,0,18,9211,2,0,52,10,0,0,0,1,0,3,34,135,95,64,12391,143,5,132,13030,2,424,18,20,1,5033,67,0,1,30,0,0,0,1,40,0,388,13,0,2,2,0,4,2,1,0,0,13,0,2,1,1,2,0,250,56,0,0,3,3,7,23,29,4,0,1,16,42,7,43,48,206,64,0,0,1,1,6,66,27,0,0,212,2,10,0,31,14709,11,0,0,16,1595,0,30,1,97,0,1,1,2,105,0,6,58,2,0,0,14,0,0,135,0,2665,7,39,25,0,0,18,0,1,0,0,0,0,0,0,0,0,0,0
72,3/30/20,2,44,37,10,0,0,228,30,2,4,0,8,6,5,191,41,636,26,1,279,19,0,32,1527,0,0,0,0,17,120,38,17,31,0,21,5,466,0,0,156,984,415,570,295,125,1351,250,144,168,310,469,1251,123,62889,1014,74,631,935,92,124,10,75,18,242,753,338,133,536,133,1,73,172,1225,15,0,2,4,6,67,603,4,22,25,70,2,1,0,0,4,3,150,0,0,0,20,0,4,0,10,6,0,17,0,10,0,1,1,2,7927,0,0,20,13500,2,0,52,10,0,0,0,1,0,3,34,157,102,75,13911,152,5,161,14620,2,424,26,21,1,5228,72,3,1,35,0,0,0,7,40,0,479,13,0,2,2,0,35,15,1,2,0,15,0,2,1,1,2,0,250,63,0,0,8,12,12,29,76,4,0,1,53,42,7,43,51,209,66,0,0,1,1,13,115,27,0,0,228,7,10,0,31,16780,15,0,0,16,1823,0,39,1,229,0,1,1,3,162,0,8,61,2,0,0,34,0,0,135,0,5644,7,39,55,0,0,18,0,1,0,0,0,0,0,0,0,0,0,0
73,3/31/20,5,52,46,10,1,0,240,30,3,4,0,8,6,5,291,41,1095,26,1,295,25,0,47,1696,0,1,0,0,17,127,45,17,32,0,23,5,1592,0,0,156,984,418,570,295,125,1356,250,144,168,310,469,1251,128,63153,1014,74,631,935,92,124,10,75,18,242,753,341,133,536,135,1,73,172,1226,31,0,2,4,7,67,603,8,23,45,74,2,1,0,0,5,54,157,0,1,0,26,0,2,0,10,6,0,22,27,10,0,1,1,2,9444,0,0,21,16100,31,0,52,12,0,0,0,1,0,3,37,198,123,81,14656,170,5,224,15729,2,424,30,24,1,5408,73,3,1,37,0,1,0,7,80,0,537,13,0,2,2,0,35,18,2,2,0,24,0,2,1,1,2,0,250,74,0,0,8,12,13,34,76,9,0,1,394,49,7,43,62,220,121,0,0,1,1,13,165,40,0,0,240,3,10,1,31,19259,17,1,0,16,1823,0,39,1,342,0,10,1,3,243,0,10,61,10,0,0,34,0,0,135,41,7024,7,39,58,0,0,18,0,6,0,0,0,0,0,0,0,0,0,0
74,4/1/20,5,67,61,10,1,0,248,31,8,4,0,8,6,5,343,48,1436,26,1,337,25,0,53,2132,0,1,0,1,19,127,52,20,46,0,25,10,1324,0,0,234,984,418,570,298,127,1357,250,144,168,310,469,1251,147,63326,1014,74,631,935,92,124,10,75,18,242,753,341,133,537,135,1,73,172,1226,39,0,3,4,9,73,603,12,28,61,75,2,894,0,0,9,58,179,0,1,0,33,0,2,0,10,15,0,24,27,10,0,40,1,2,10934,0,2,23,18700,31,0,52,12,0,0,0,1,0,3,40,225,148,103,15473,182,5,241,16847,2,472,36,26,3,5567,80,3,1,43,0,0,0,7,80,0,645,13,0,2,2,0,35,23,2,2,0,29,0,2,1,1,3,6,250,83,0,0,9,17,13,34,94,9,0,1,394,50,47,43,71,252,190,0,0,1,1,13,264,45,0,0,245,3,10,1,50,22647,21,2,0,103,2967,0,39,1,505,0,10,1,5,333,0,13,61,10,0,0,34,0,0,135,41,8474,12,41,63,0,0,18,0,10,0,0,0,0,0,0,0,0,0,0
75,4/2/20,10,76,61,10,1,0,256,33,11,4,0,8,6,5,422,64,1749,26,1,381,25,0,53,2495,0,1,1,1,20,127,56,25,50,0,34,10,1735,0,0,335,984,424,570,299,127,1365,252,144,162,310,469,1251,147,63471,1014,74,631,935,92,124,10,75,18,242,753,343,133,537,135,1,73,172,1228,55,2,3,6,15,88,619,13,28,67,81,2,1089,0,0,16,65,201,0,1,0,45,0,3,0,300,15,0,24,27,10,1,40,1,2,12428,0,2,26,22440,31,0,61,12,0,0,0,1,0,3,42,284,191,112,16711,202,5,338,18278,2,472,45,27,4,5828,81,5,31,46,0,0,0,7,80,0,767,13,0,2,2,0,35,23,2,2,0,31,0,3,1,1,3,6,250,92,0,0,20,17,32,57,125,9,0,2,537,51,56,68,72,267,235,0,0,1,1,21,328,55,0,0,266,5,70,1,50,26743,21,2,0,103,4013,0,45,2,505,0,17,1,5,415,0,19,96,11,0,0,46,0,0,135,62,9001,25,43,75,0,0,18,0,10,0,0,0,0,0,0,0,0,0,0
76,4/3/20,10,89,62,16,1,0,266,43,18,4,0,8,46,5,476,92,2022,32,1,382,26,0,53,2872,0,2,2,1,27,127,65,30,50,0,35,17,2175,0,0,427,984,434,570,300,127,1368,252,144,162,310,469,1251,173,63612,1014,74,632,935,92,124,10,75,18,244,754,348,133,537,140,1,73,172,1228,55,2,3,11,19,92,619,15,28,72,91,3,1193,8,0,16,65,216,0,1,0,48,0,3,0,300,22,0,24,27,10,1,40,1,2,14008,1,2,28,24575,31,0,78,12,2,0,0,1,0,3,43,309,192,134,17935,226,5,403,19758,2,514,58,29,4,6021,82,6,1,50,0,0,0,7,500,0,827,13,0,2,2,0,633,26,3,2,1,57,0,3,1,1,3,6,250,103,0,0,25,20,32,57,126,10,0,6,537,52,56,68,93,283,281,0,0,1,1,21,351,66,0,0,282,10,70,1,95,30513,24,2,0,205,4846,0,50,3,612,0,17,1,5,484,0,22,108,14,0,13,46,0,0,135,68,9707,25,52,85,2,0,21,0,10,0,0,0,0,0,0,0,0,0,0
