,Province/State,,,,,,British Columbia,New South Wales,Victoria,Queensland,,,,,,,,,,,South Australia,,,From Diamond Princess,,,,,,,,,,,,,,,,,,,,,,,,,,,Western Australia,,,,,,,,,,,,Tasmania,,,,,,,,,,Northern Territory,,,,,,,,,,,,,,,,,,,,,Ontario,Alberta,Quebec,,,,Washington,New York,California,Massachusetts,Diamond Princess,Grand Princess,Georgia,Colorado,Florida,New Jersey,Oregon,Texas,Illinois,Pennsylvania,Iowa,Maryland,North Carolina,South Carolina,Tennessee,Virginia,Arizona,Indiana,Kentucky,District of Columbia,Nevada,New Hampshire,Minnesota,Nebraska,Ohio,Rhode Island,Wisconsin,Connecticut,Hawaii,Oklahoma,Utah,,,,,Kansas,Louisiana,Missouri,Vermont,Alaska,Arkansas,Delaware,Idaho,Maine,Michigan,Mississippi,Montana,New Mexico,North Dakota,South Dakota,West Virginia,Wyoming,Hubei,,,France,Guangdong,Henan,Zhejiang,Hunan,Anhui,Jiangxi,Shandong,Diamond Princess,Jiangsu,Chongqing,Sichuan,Heilongjiang,Denmark,Beijing,Shanghai,Hebei,Fujian,Guangxi,Shaanxi,Yunnan,Hainan,Guizhou,Tianjin,Shanxi,Gansu,Hong Kong,Liaoning,Jilin,,Xinjiang,Inner Mongolia,Ningxia,,,,Qinghai,Macau,,,Faroe Islands,St Martin,,Channel Islands,New Brunswick,Tibet,,,Saint Barthelemy,,,Gibraltar,"Kitsap, WA","Solano, CA","Santa Cruz, CA","Napa, CA","Ventura, CA","Worcester, MA","Gwinnett, GA","DeKalb, GA","Floyd, GA","Fayette, GA","Gregg, TX","Monmouth, NJ","Burlington, NJ","Camden, NJ","Passaic, NJ","Union, NJ","Eagle, CO","Larimer, CO","Arapahoe, CO","Gunnison, CO","Kane, IL","Monroe, PA","Philadelphia, PA","Norfolk, VA","Arlington, VA","Spotsylvania, VA","Loudoun, VA","Prince George's, MD","Pottawattamie, IA","Camden, NC","Pima, AZ","Noble, IN","Adams, IN","Boone, IN","Dane, WI","Pierce, WI","Cuyahoga, OH","Weber, UT","Bennington County, VT","Carver County, MN","Charlotte County, FL","Cherokee County, GA","Collin County, TX","Jefferson County, KY","Jefferson Parish, LA","Shasta County, CA","Spartanburg County, SC","Harrison County, KY","Johnson County, IA","Berkshire County, MA","Davidson County, TN","Douglas County, OR","Fresno County, CA","Harford County, MD","Hendricks County, IN","Hudson County, NJ","Johnson County, KS","Kittitas County, WA","Manatee County, FL","Marion County, OR","Okaloosa County, FL","Polk County, GA","Riverside County, CA","Shelby County, TN","St. Louis County, MO","Suffolk County, NY","Ulster County, NY","Volusia County, FL","Fairfax County, VA","Rockingham County, NH","Washington, D.C.","Montgomery County, PA","Alameda County, CA","Broward County, FL","Lee County, FL","Pinal County, AZ","Rockland County, NY","Saratoga County, NY","Charleston County, SC","Clark County, WA","Cobb County, GA","Davis County, UT","El Paso County, CO","Honolulu County, HI","Jackson County, OR ","Jefferson County, WA","Kershaw County, SC","Klamath County, OR","Madera County, CA","Pierce County, WA","Tulsa County, OK","Douglas County, CO","Providence County, RI","Chatham County, NC","Delaware County, PA","Douglas County, NE","Fayette County, KY","Marion County, IN","Middlesex County, MA","Nassau County, NY","Ramsey County, MN","Washoe County, NV","Wayne County, PA","Yolo County, CA","Santa Clara County, CA","Clark County, NV","Fort Bend County, TX","Grant County, WA","Santa Rosa County, FL","Williamson County, TN","New York County, NY","Montgomery County, MD","Suffolk County, MA","Denver County, CO","Summit County, CO","Bergen County, NJ","Harris County, TX","San Francisco County, CA","Contra Costa County, CA","Orange County, CA","Norfolk County, MA","Maricopa County, AZ","Wake County, NC","Westchester County, NY","Grafton County, NH","Hillsborough, FL","Placer County, CA","San Mateo, CA","Sonoma County, CA","Umatilla, OR","Fulton County, GA","Washington County, OR","Snohomish County, WA","Humboldt County, CA","Sacramento County, CA","San Diego County, CA","San Benito, CA","Los Angeles, CA","King County, WA","Cook County, IL","Skagit, WA","Thurston, WA","Island, WA","Whatcom, WA","Marin, CA","Calaveras, CA","Stanislaus, CA","San Joaquin, CA","Essex, MA","Charlton, GA","Collier, FL","Pinellas, FL","Alachua, FL","Nassau, FL","Pasco, FL","Dallas, TX","Tarrant, TX","Montgomery, TX","Middlesex, NJ","Jefferson, CO","Multnomah, OR","Polk, OR","Deschutes, OR","McHenry, IL","Lake, IL","Bucks, PA","Hanover, VA","Lancaster, SC","Sullivan, TN","Johnson, IN","Howard, IN","St. Joseph, IN","Knox, NE","Stark, OH","Anoka, MN","Olmsted, MN","Summit, UT","Fairfield, CT","Litchfield, CT","Orleans, LA","Pennington, SD","Beadle, SD","Charles Mix, SD","Davison, SD","Minnehaha, SD","Bon Homme, SD","Socorro, NM","Bernalillo, NM","Oakland, MI","Wayne, MI","New Castle, DE",,,Australian Capital Territory,United Kingdom,,French Polynesia,Manitoba,Saskatchewan,,,,Grand Princess,,,Alabama,,,Puerto Rico,,,,,,,,,,,,,French Guiana,Guam,,Newfoundland and Labrador,Prince Edward Island,,,,Mayotte,,Netherlands,Nova Scotia,Guadeloupe,,,Curacao,,,Virgin Islands,Cayman Islands,Reunion,,,,,Aruba,,,,Montserrat,,Greenland,New Caledonia,Bermuda,,,,,,,,,Sint Maarten,,,Isle of Man,,Northwest Territories,,,,,,,,,,,,,,United States Virgin Islands,US,,,,,,,,
1,Country/Region,Thailand,Japan,Singapore,Nepal,Malaysia,Canada,Australia,Australia,Australia,Cambodia,Sri Lanka,Germany,Finland,United Arab Emirates,Philippines,India,Italy,Sweden,Spain,Australia,Belgium,Egypt,Australia,Lebanon,Iraq,Oman,Afghanistan,Bahrain,Kuwait,Algeria,Croatia,Switzerland,Austria,Israel,Pakistan,Brazil,Georgia,Greece,North Macedonia,Norway,Romania,Estonia,San Marino,Belarus,Iceland,Lithuania,Mexico,New Zealand,Nigeria,Australia,Ireland,Luxembourg,Monaco,Qatar,Ecuador,Azerbaijan,Armenia,Dominican Republic,Indonesia,Portugal,Andorra,Australia,Latvia,Morocco,Saudi Arabia,Senegal,Argentina,Chile,Jordan,Ukraine,Hungary,Australia,Liechtenstein,Poland,Tunisia,Bosnia and Herzegovina,Slovenia,South Africa,Bhutan,Cameroon,Colombia,Costa Rica,Peru,Serbia,Slovakia,Togo,Malta,Martinique,Bulgaria,Maldives,Bangladesh,Paraguay,Canada,Canada,Canada,Albania,Cyprus,Brunei,US,US,US,US,US,US,US,US,US,US,US,US,US,US,US,US,US,US,US,US,US,US,US,US,US,US,US,US,US,US,US,US,US,US,US,Burkina Faso,Holy See,Mongolia,Panama,US,US,US,US,US,US,US,US,US,US,US,US,US,US,US,US,US,China,Iran,"Korea, South",France,China,China,China,China,China,China,China,Cruise Ship,China,China,China,China,Denmark,China,China,China,China,China,China,China,China,China,China,China,China,China,China,China,Czechia,China,China,China,Taiwan*,Vietnam,Russia,China,China,Moldova,Bolivia,Denmark,France,Honduras,United Kingdom,Canada,China,Congo (Kinshasa),Cote d'Ivoire,France,Jamaica,Turkey,United Kingdom,US,US,US,US,US,US,US,US,US,US,US,US,US,US,US,US,US,US,US,US,US,US,US,US,US,US,US,US,US,US,US,US,US,US,US,US,US,US,US,US,US,US,US,US,US,US,US,US,US,US,US,US,US,US,US,US,US,US,US,US,US,US,US,US,US,US,US,US,US,US,US,US,US,US,US,US,US,US,US,US,US,US,US,US,US,US,US,US,US,US,US,US,US,US,US,US,US,US,US,US,US,US,US,US,US,US,US,US,US,US,US,US,US,US,US,US,US,US,US,US,US,US,US,US,US,US,US,US,US,US,US,US,US,US,US,US,US,US,US,US,US,US,US,US,US,US,US,US,US,US,US,US,US,US,US,US,US,US,US,US,US,US,US,US,US,US,US,US,US,US,US,US,US,US,US,US,US,US,US,US,US,US,US,US,US,US,US,US,US,US,US,Cuba,Guyana,Australia,United Kingdom,Kazakhstan,France,Canada,Canada,Ethiopia,Sudan,Guinea,Canada,Kenya,Antigua and Barbuda,US,Uruguay,Ghana,US,Namibia,Seychelles,Trinidad and Tobago,Venezuela,Eswatini,Gabon,Guatemala,Mauritania,Rwanda,Saint Lucia,Saint Vincent and the Grenadines,Suriname,France,US,Kosovo,Canada,Canada,Central African Republic,Congo (Brazzaville),Equatorial Guinea,France,Uzbekistan,Netherlands,Canada,France,Benin,Liberia,Netherlands,Somalia,Tanzania,US,United Kingdom,France,Barbados,Montenegro,Kyrgyzstan,Mauritius,Netherlands,Zambia,Djibouti,"Gambia, The",United Kingdom,"Bahamas, The",Denmark,France,United Kingdom,Chad,El Salvador,Fiji,Nicaragua,Madagascar,Haiti,Angola,Cabo Verde,Netherlands,Niger,Papua New Guinea,United Kingdom,Zimbabwe,Canada,Cape Verde,East Timor,Eritrea,Uganda,Dominica,Grenada,Mozambique,Syria,Timor-Leste,Guadeloupe,Reunion,French Guiana,Mayotte,US,US,Greenland,Guam,Guernsey,Jersey,Puerto Rico,Republic of the Congo,The Bahamas,The Gambia
2,Lat,15.0,36.0,1.2833,28.1667,2.5,49.2827,-33.8688,-37.8136,-28.0167,11.55,7.0,51.0,64.0,24.0,13.0,21.0,43.0,63.0,40.0,-34.9285,50.8333,26.0,35.4437,33.8547,33.0,21.0,33.0,26.0275,29.5,28.0339,45.1,46.8182,47.5162,31.0,30.3753,-14.235,42.3154,39.0742,41.6086,60.472,45.9432,58.5953,43.9424,53.7098,64.9631,55.1694,23.6345,-40.9006,9.082,-31.9505,53.1424,49.8153,43.7333,25.3548,-1.8312,40.1431,40.0691,18.7357,-0.7893,39.3999,42.5063,-41.4545,56.8796,31.7917,24.0,14.4974,-38.4161,-35.6751,31.24,48.3794,47.1625,-12.4634,47.14,51.9194,34.0,43.9159,46.1512,-30.5595,27.5142,3.8480000000000003,4.5709,9.7489,-9.19,44.0165,48.669,8.6195,35.9375,14.6415,42.7339,3.2028,23.685,-23.4425,51.2538,53.9333,52.9399,41.1533,35.1264,4.5353,47.4009,42.1657,36.1162,42.2302,35.4437,37.6489,33.0406,39.0598,27.7663,40.2989,44.571999999999996,31.0545,40.3495,40.5908,42.0115,39.0639,35.6301,33.8569,35.7478,37.7693,33.7298,39.8494,37.6681,38.8974,38.3135,43.4525,45.6945,41.1254,40.3888,41.6809,44.2685,41.5978,21.0943,35.5653,40.15,12.2383,41.9029,46.8625,8.538,38.5266,31.1695,38.4561,44.0459,61.3707,34.9697,39.3185,44.2405,44.6939,43.3266,32.7416,46.9219,34.8405,47.5289,44.2998,38.4912,42.756,30.9756,32.0,36.0,46.2276,23.3417,33.882,29.1832,27.6104,31.8257,27.614,36.3427,35.4437,32.9711,30.0572,30.6171,47.861999999999995,56.2639,40.1824,31.201999999999998,39.549,26.0789,23.8298,35.1917,24.974,19.1959,26.8154,39.3054,37.5777,37.8099,22.3,41.2956,43.6661,49.8175,41.1129,44.0935,37.2692,23.7,16.0,60.0,35.7452,22.1667,47.4116,-16.2902,61.8926,18.0708,15.2,49.3723,46.5653,31.6927,-4.0383,7.54,17.9,18.1096,38.9637,36.1408,47.6477,38.3105,37.0454,38.5025,34.3705,42.4097,33.9191,33.7956,37.5455,33.4502,32.4893,40.2589,40.0712,39.9259,40.8568,40.6976,39.6553,40.6956,39.6203,38.5458,41.9879,41.0458,39.9526,36.8508,38.8816,38.2042,39.0768,38.7849,41.3912,34.2465,32.0575,41.4277,39.8522,40.0106,43.0186,44.7509,41.4339,41.2603,43.0279,44.8254,26.8946,34.2515,33.1795,38.1938,29.6499,40.7909,34.8606,38.4333,41.6699,42.3118,36.1343,43.1261,36.9859,39.5839,39.8065,40.7453,38.8454,47.175,27.4799,44.8446,30.5773,34.0132,33.9533,35.1269,38.6103,40.9849,41.8586,29.028000000000002,38.9085,42.9931,38.9072,40.229,37.6017,26.1901,26.663,32.8162,41.1489,43.0324,32.7957,45.7466,33.8999,40.9629,38.9108,21.307,42.3345,47.7425,34.3672,42.6953,37.2519,47.0676,36.1593,39.2587,41.8882,35.7211,39.9078,41.3148,38.0606,39.8362,42.4672,40.6546,44.9964,40.5608,41.6739,38.7646,37.3541,36.0796,29.5693,47.1981,30.769000000000002,35.9179,40.7128,39.1547,42.3601,39.7392,39.5912,40.9263,29.7752,37.7749,37.8534,33.7879,42.1767,33.2918,35.8032,41.122,43.9088,27.9904,39.0916,37.563,38.578,45.775,33.8034,45.547,48.033,40.745,38.4747,32.7157,36.5761,34.0522,47.6062,41.7377,48.4242,46.8646,48.1976,48.8787,38.0834,38.196,37.5091,36.6066,42.632,30.7917,26.07,27.8764,29.7938,30.5927,28.3232,32.7767,32.7732,30.3883,40.5726,39.58,45.5146,44.9267,43.8325,42.3334,42.3689,40.4108,37.7772,34.7253,36.4933,39.4638,40.4483,41.6228,42.6712,40.8685,45.3293,43.9952,40.8298,41.256,41.7866,29.9511,43.8901,44.4797,43.0985,43.7242,43.6632,42.9815,33.8837,35.0178,42.5922,42.2791,39.5393,22.0,5.0,-35.4735,55.3781,48.0196,-17.6797,53.7609,52.9399,9.145,12.8628,9.9456,37.6489,-0.0236,17.0608,32.3182,-32.5228,7.9465,18.2208,-22.9576,-4.6796,10.6918,6.4238,-26.5225,-0.8037,15.7835,21.0079,-1.9403,13.9094,12.9843,3.9193,3.9339,13.4443,42.6026,53.1355,46.5107,6.6111,-4.0383,1.5,-12.8275,41.3775,52.1326,44.681999999999995,16.25,9.3077,6.4281,12.1696,5.1521,-6.369,18.3358,19.3133,-21.1351,13.1939,42.5,41.2044,-20.2,12.5186,-15.4167,11.8251,13.4432,16.7425,25.0343,71.7069,-20.9043,32.3078,15.4542,13.7942,-17.7134,12.8654,-18.7669,18.9712,-11.2027,16.5388,18.0425,17.6078,-6.315,54.2361,-20.0,64.8255,15.1111,-8.55,15.1794,1.0,15.415,12.1165,-18.6657,34.8021,-8.8742,16.265,-21.1151,3.9339,-12.8275,18.3358,37.0902,72.0,13.4443,49.45,49.19,18.2,-1.44,24.25,13.4667
3,Long,101.0,138.0,103.8333,84.25,112.5,-123.1207,151.2093,144.9631,153.4,104.9167,81.0,9.0,26.0,54.0,122.0,78.0,12.0,16.0,-4.0,138.6007,4.0,30.0,139.638,35.8623,44.0,57.0,65.0,50.55,47.75,1.6596,15.2,8.2275,14.5501,35.0,69.3451,-51.9253,43.3569,21.8243,21.7453,8.4689,24.9668,25.0136,12.4578,27.9534,-19.0208,23.8813,-102.5528,174.886,8.6753,115.8605,-7.6921,6.1296,7.4167,51.1839,-78.1834,47.5769,45.0382,-70.1627,113.9213,-8.2245,1.5218,145.9707,24.6032,-7.0926,45.0,-14.4524,-63.6167,-71.543,36.51,31.1656,19.5033,130.8456,9.55,19.1451,9.0,17.6791,14.9955,22.9375,90.4336,11.5021,-74.2973,-83.7534,-75.0152,21.0059,19.699,0.8248,14.3754,-61.0242,25.4858,73.2207,90.3563,-58.4438,-85.3232,-116.5765,-73.5491,20.1683,33.4299,114.7277,-121.4905,-74.9481,-119.6816,-71.5301,139.638,-122.6655,-83.6431,-105.3111,-81.6868,-74.521,-122.0709,-97.5635,-88.9861,-77.2098,-93.2105,-76.8021,-79.8064,-80.945,-86.6923,-78.17,-111.4312,-86.2583,-84.6701,-77.0268,-117.0554,-71.5639,-93.9002,-98.2681,-82.7649,-71.5118,-89.6165,-72.7554,-157.4983,-96.9289,-111.8624,-1.5616,12.4534,103.8467,-80.7821,-96.7265,-91.8678,-92.2884,-72.7107,-152.4044,-92.3731,-75.5071,-114.4788,-69.3819,-84.5361,-89.6787,-110.4544,-106.2485,-99.78399999999999,-99.4388,-80.9545,-107.3025,112.2707,53.0,128.0,2.2137,113.4244,113.61399999999999,120.0934,111.7088,117.2264,115.7221,118.1498,139.638,119.455,107.874,102.7103,127.7615,9.5018,116.4142,121.4491,116.1306,117.9874,108.7881,108.8701,101.48700000000001,109.7453,106.8748,117.323,112.2922,101.0583,114.2,122.6085,126.1923,15.472999999999999,85.2401,113.9448,106.1655,121.0,108.0,90.0,95.9956,113.55,28.3699,-63.5887,-6.9118,-63.0501,-86.2419,-2.3644,-66.4619,88.0924,21.7587,-5.5471,-62.8333,-77.2975,35.2433,-5.3536,-122.6413,-121.9018,-121.958,-122.2654,-119.1391,-71.8571,-84.0167,-84.2279,-82.7779,-84.4803,-94.8521,-74.124,-74.8649,-75.1196,-74.1285,-74.2632,-106.8287,-105.5943,-104.3326,-106.9253,-88.4016,-75.2479,-75.1652,-76.2859,-77.09100000000001,-77.6078,-77.6536,-76.8721,-95.4778,-80.607,-111.6661,-85.355,-77.2865,-86.4997,-89.5498,-92.3814,-81.6758,-111.9522,-73.135,-93.7842,-81.9098,-84.4803,-96.493,-85.6435,-90.1121,-121.8474,-81.9535,-84.3542,-91.5984,-73.1822,-86.822,-123.2492,-119.2321,-76.3637,-86.5401,-74.0535,-94.8521,-120.9319,-82.3452,-122.5927,-86.6611,-85.1479,-117.3961,-89.9253,-90.4125,-72.6151,-74.3118,-81.0755,-77.2405,-71.0498,-77.0369,-75.3879,-121.7195,-80.3659,-81.9535,-111.2845,-73.983,-73.936,-79.7848,-122.5194,-84.5641,-112.0953,-104.4723,-157.8584,-122.7647,-123.304,-80.5883,-121.6142,-119.6963,-122.1295,-95.941,-104.9389,-71.4774,-79.1781,-75.3879,-96.1951,-84.4803,-86.1752,-71.2874,-73.5594,-93.0616,-119.6035,-75.2479,-121.9018,-121.9552,-115.094,-95.8143,-119.3732,-86.9824,-86.8622,-74.006,-77.2405,-71.0589,-104.9903,-106.064,-74.077,-95.3103,-122.4194,-121.9018,-117.8531,-71.1449,-112.4291,-78.5661,-73.7949,-71.82600000000001,-82.3018,-120.8039,-122.3255,-122.9888,-118.7606,-84.3963,-123.1386,-121.8339,-123.8695,-121.3542,-117.1611,-120.9876,-118.2437,-122.3321,-87.6976,-121.7114,-122.7696,-122.5795,-121.9719,-122.7633,-120.6805,-120.9876,-120.189,-70.7829,-82.0843,-81.4279,-82.7779,-82.4944,-81.8224,-82.4319,-96.79700000000001,-97.3517,-95.6963,-74.4927,-105.2663,-122.5863,-123.4919,-121.2617,-88.2668,-87.8272,-75.2479,-77.5161,-80.6771,-82.3452,-86.1345,-86.1345,-86.3377,-97.8722,-81.2519,-93.2197,-92.3814,-110.9984,-73.3709,-73.2765,-90.0715,-102.2548,-98.2213,-98.3965,-98.2213,-96.8351,-97.8722,-106.7235,-106.6291,-83.3362,-83.3362,-75.6674,-80.0,-58.75,149.0124,-3.4360000000000004,66.9237,149.4068,-98.8139,-106.4509,40.4897,30.2176,-9.6966,-122.6655,37.9062,-61.7964,-86.9023,-55.7658,-1.0232,-66.5901,18.4904,55.492,-61.2225,-66.5897,31.4659,11.6094,-90.2308,10.9408,29.8739,-60.9789,-61.2872,-56.0278,-53.1258,144.7937,20.903000000000002,-57.6604,-63.4168,20.9394,21.7587,10.0,45.1662,64.5853,5.2913,-63.7443,-61.5833,2.3158,-9.4295,-68.99,46.1996,34.8888,-64.8963,-81.2546,55.2471,-59.5432,19.3,74.7661,57.5,-70.0358,28.2833,42.5903,-15.3101,-62.1874,-77.3963,-42.6043,165.618,-64.7505,18.7322,-88.8965,178.065,-85.2072,46.8691,-72.2852,17.8739,-23.0418,-63.0548,8.0817,143.9555,-4.5481,30.0,-124.8457,-23.6167,125.56,39.7823,32.0,-61.371,-61.678999999999995,35.5296,38.9968,125.7275,-61.551,55.5364,-53.1258,45.1662,-64.8963,-95.7129,-40.0,144.7937,-2.58,-2.11,-66.5,15.556,-76.0,-16.6
4,1/22/20,2,2,0,0,0,0,0,0,0,0,0,0,0,0,0,0,0,0,0,0,0,0,0,0,0,0,0,0,0,0,0,0,0,0,0,0,0,0,0,0,0,0,0,0,0,0,0,0,0,0,0,0,0,0,0,0,0,0,0,0,0,0,0,0,0,0,0,0,0,0,0,0,0,0,0,0,0,0,0,0,0,0,0,0,0,0,0,0,0,0,0,0,0,0,0,0,0,0,0,0,0,0,0,0,0,0,0,0,0,0,0,0,0,0,0,0,0,0,0,0,0,0,0,0,0,0,0,0,0,0,0,0,0,0,0,0,0,0,0,0,0,0,0,0,0,0,0,0,0,0,0,0,0,0,444,0,1,0,26,5,10,4,1,2,2,0,1,6,5,0,0,14,9,1,1,2,0,1,4,1,4,1,0,0,2,0,0,0,0,1,1,0,0,0,1,0,0,0,0,0,0,0,0,0,0,0,0,0,0,0,0,0,0,0,0,0,0,0,0,0,0,0,0,0,0,0,0,0,0,0,0,0,0,0,0,0,0,0,0,0,0,0,0,0,0,0,0,0,0,0,0,0,0,0,0,0,0,0,0,0,0,0,0,0,0,0,0,0,0,0,0,0,0,0,0,0,0,0,0,0,0,0,0,0,0,0,0,0,0,0,0,0,0,0,0,0,0,0,0,0,0,0,0,0,0,0,0,0,0,0,0,0,0,0,0,0,0,0,0,0,0,0,0,0,0,0,0,0,0,0,0,0,0,0,0,0,0,0,0,0,0,0,0,0,0,0,0,1,0,0,0,0,0,0,0,0,0,0,0,0,0,0,0,0,0,0,0,0,0,0,0,0,0,0,0,0,0,0,0,0,0,0,0,0,0,0,0,0,0,0,0,0,0,0,0,0,0,0,0,0,0,0,0,0,0,0,0,0,0,0,0,0,0,0,0,0,0,0,0,0,0,0,0,0,0,0,0,0,0,0,0,0,0,0,0,0,0,0,0,0,0,0,0,0,0,0,0,0,0,0,0,0,0,0,0,0,0,0,0,0,0,0,0,0,0,0,0,0,0,0,0,0,0,0,0,0,0,0,0,0,0,0,0,0,0,0,0,0,0,0,0,0,0,0,0,0,0,0,0,0,0
5,1/23/20,3,1,1,0,0,0,0,0,0,0,0,0,0,0,0,0,0,0,0,0,0,0,0,0,0,0,0,0,0,0,0,0,0,0,0,0,0,0,0,0,0,0,0,0,0,0,0,0,0,0,0,0,0,0,0,0,0,0,0,0,0,0,0,0,0,0,0,0,0,0,0,0,0,0,0,0,0,0,0,0,0,0,0,0,0,0,0,0,0,0,0,0,0,0,0,0,0,0,0,0,0,0,0,0,0,0,0,0,0,0,0,0,0,0,0,0,0,0,0,0,0,0,0,0,0,0,0,0,0,0,0,0,0,0,0,0,0,0,0,0,0,0,0,0,0,0,0,0,0,0,0,0,0,0,444,0,1,0,32,5,27,9,9,7,6,0,5,9,8,2,0,22,16,1,5,5,3,2,5,3,4,1,2,2,3,1,0,2,0,1,1,2,0,0,2,0,0,0,0,0,0,0,0,0,0,0,0,0,0,0,0,0,0,0,0,0,0,0,0,0,0,0,0,0,0,0,0,0,0,0,0,0,0,0,0,0,0,0,0,0,0,0,0,0,0,0,0,0,0,0,0,0,0,0,0,0,0,0,0,0,0,0,0,0,0,0,0,0,0,0,0,0,0,0,0,0,0,0,0,0,0,0,0,0,0,0,0,0,0,0,0,0,0,0,0,0,0,0,0,0,0,0,0,0,0,0,0,0,0,0,0,0,0,0,0,0,0,0,0,0,0,0,0,0,0,0,0,0,0,0,0,0,0,0,0,0,0,0,0,0,0,0,0,0,0,0,0,1,0,0,0,0,0,0,0,0,0,0,0,0,0,0,0,0,0,0,0,0,0,0,0,0,0,0,0,0,0,0,0,0,0,0,0,0,0,0,0,0,0,0,0,0,0,0,0,0,0,0,0,0,0,0,0,0,0,0,0,0,0,0,0,0,0,0,0,0,0,0,0,0,0,0,0,0,0,0,0,0,0,0,0,0,0,0,0,0,0,0,0,0,0,0,0,0,0,0,0,0,0,0,0,0,0,0,0,0,0,0,0,0,0,0,0,0,0,0,0,0,0,0,0,0,0,0,0,0,0,0,0,0,0,0,0,0,0,0,0,0,0,0,0,0,0,0,0,0,0,0,0,0,0
6,1/24/20,5,2,3,0,0,0,0,0,0,0,0,0,0,0,0,0,0,0,0,0,0,0,0,0,0,0,0,0,0,0,0,0,0,0,0,0,0,0,0,0,0,0,0,0,0,0,0,0,0,0,0,0,0,0,0,0,0,0,0,0,0,0,0,0,0,0,0,0,0,0,0,0,0,0,0,0,0,0,0,0,0,0,0,0,0,0,0,0,0,0,0,0,0,0,0,0,0,0,0,0,0,0,0,0,0,0,0,0,0,0,0,0,0,0,0,0,0,0,0,0,0,0,0,0,0,0,0,0,0,0,0,0,0,0,0,0,0,0,0,0,0,0,0,0,0,0,0,0,0,0,0,0,0,0,549,0,2,2,53,9,43,24,15,18,15,0,9,27,15,4,0,36,20,2,10,23,5,5,8,3,8,1,2,2,4,3,0,2,1,2,3,2,0,0,2,0,0,0,0,0,0,0,0,0,0,0,0,0,0,0,0,0,0,0,0,0,0,0,0,0,0,0,0,0,0,0,0,0,0,0,0,0,0,0,0,0,0,0,0,0,0,0,0,0,0,0,0,0,0,0,0,0,0,0,0,0,0,0,0,0,0,0,0,0,0,0,0,0,0,0,0,0,0,0,0,0,0,0,0,0,0,0,0,0,0,0,0,0,0,0,0,0,0,0,0,0,0,0,0,0,0,0,0,0,0,0,0,0,0,0,0,0,0,0,0,0,0,0,0,0,0,0,0,0,0,0,0,0,0,0,0,0,0,0,0,0,0,0,0,0,0,0,0,0,0,0,0,1,1,0,0,0,0,0,0,0,0,0,0,0,0,0,0,0,0,0,0,0,0,0,0,0,0,0,0,0,0,0,0,0,0,0,0,0,0,0,0,0,0,0,0,0,0,0,0,0,0,0,0,0,0,0,0,0,0,0,0,0,0,0,0,0,0,0,0,0,0,0,0,0,0,0,0,0,0,0,0,0,0,0,0,0,0,0,0,0,0,0,0,0,0,0,0,0,0,0,0,0,0,0,0,0,0,0,0,0,0,0,0,0,0,0,0,0,0,0,0,0,0,0,0,0,0,0,0,0,0,0,0,0,0,0,0,0,0,0,0,0,0,0,0,0,0,0,0,0,0,0,0,0,0
7,1/25/20,7,2,3,1,3,0,0,0,0,0,0,0,0,0,0,0,0,0,0,0,0,0,0,0,0,0,0,0,0,0,0,0,0,0,0,0,0,0,0,0,0,0,0,0,0,0,0,0,0,0,0,0,0,0,0,0,0,0,0,0,0,0,0,0,0,0,0,0,0,0,0,0,0,0,0,0,0,0,0,0,0,0,0,0,0,0,0,0,0,0,0,0,0,0,0,0,0,0,0,0,0,0,0,0,0,0,0,0,0,0,0,0,0,0,0,0,0,0,0,0,0,0,0,0,0,0,0,0,0,0,0,0,0,0,0,0,0,0,0,0,0,0,0,0,0,0,0,0,0,0,0,0,0,0,761,0,2,3,78,32,62,43,39,18,27,0,18,57,28,9,0,41,33,8,18,23,15,11,19,4,10,6,4,5,17,4,0,3,7,3,3,2,0,1,2,0,0,0,0,0,0,0,0,0,0,0,0,0,0,0,0,0,0,0,0,0,0,0,0,0,0,0,0,0,0,0,0,0,0,0,0,0,0,0,0,0,0,0,0,0,0,0,0,0,0,0,0,0,0,0,0,0,0,0,0,0,0,0,0,0,0,0,0,0,0,0,0,0,0,0,0,0,0,0,0,0,0,0,0,0,0,0,0,0,0,0,0,0,0,0,0,0,0,0,0,0,0,0,0,0,0,0,0,0,0,0,0,0,0,0,0,0,0,0,0,0,0,0,0,0,0,0,0,0,0,0,0,0,0,0,0,0,0,0,0,0,0,0,0,0,0,0,0,0,0,0,0,1,1,0,0,0,0,0,0,0,0,0,0,0,0,0,0,0,0,0,0,0,0,0,0,0,0,0,0,0,0,0,0,0,0,0,0,0,0,0,0,0,0,0,0,0,0,0,0,0,0,0,0,0,0,0,0,0,0,0,0,0,0,0,0,0,0,0,0,0,0,0,0,0,0,0,0,0,0,0,0,0,0,0,0,0,0,0,0,0,0,0,0,0,0,0,0,0,0,0,0,0,0,0,0,0,0,0,0,0,0,0,0,0,0,0,0,0,0,0,0,0,0,0,0,0,0,0,0,0,0,0,0,0,0,0,0,0,0,0,0,0,0,0,0,0,0,0,0,0,0,0,0,0,0
8,1/26/20,8,4,4,1,4,0,3,1,0,0,0,0,0,0,0,0,0,0,0,0,0,0,0,0,0,0,0,0,0,0,0,0,0,0,0,0,0,0,0,0,0,0,0,0,0,0,0,0,0,0,0,0,0,0,0,0,0,0,0,0,0,0,0,0,0,0,0,0,0,0,0,0,0,0,0,0,0,0,0,0,0,0,0,0,0,0,0,0,0,0,0,0,1,0,0,0,0,0,0,0,0,0,0,0,0,0,0,0,0,0,0,0,0,0,0,0,0,0,0,0,0,0,0,0,0,0,0,0,0,0,0,0,0,0,0,0,0,0,0,0,0,0,0,0,0,0,0,0,0,0,0,0,0,0,1058,0,3,3,111,83,104,69,60,36,46,0,33,75,44,15,0,68,40,13,35,36,22,16,22,5,14,9,7,8,21,4,0,4,7,4,4,2,0,1,5,0,0,0,0,0,0,0,0,0,0,0,0,0,0,0,0,0,0,0,0,0,0,0,0,0,0,0,0,0,0,0,0,0,0,0,0,0,0,0,0,0,0,0,0,0,0,0,0,0,0,0,0,0,0,0,0,0,0,0,0,0,0,0,0,0,0,0,0,0,0,0,0,0,0,0,0,0,0,0,0,0,0,0,0,0,0,0,0,0,0,0,0,0,0,0,0,0,0,0,0,0,0,0,0,0,0,0,0,0,0,0,0,0,0,0,0,0,0,0,0,0,0,0,0,0,0,0,0,0,0,0,0,0,1,0,1,0,0,0,0,0,0,0,0,0,0,0,0,0,0,0,1,1,1,0,0,0,0,0,0,0,0,0,0,0,0,0,0,0,0,0,0,0,0,0,0,0,0,0,0,0,0,0,0,0,0,0,0,0,0,0,0,0,0,0,0,0,0,0,0,0,0,0,0,0,0,0,0,0,0,0,0,0,0,0,0,0,0,0,0,0,0,0,0,0,0,0,0,0,0,0,0,0,0,0,0,0,0,0,0,0,0,0,0,0,0,0,0,0,0,0,0,0,0,0,0,0,0,0,0,0,0,0,0,0,0,0,0,0,0,0,0,0,0,0,0,0,0,0,0,0,0,0,0,0,0,0,0,0,0,0,0,0,0,0,0,0,0,0,0,0,0,0,0,0,0
9,1/27/20,8,4,5,1,4,0,4,1,0,1,1,1,0,0,0,0,0,0,0,0,0,0,0,0,0,0,0,0,0,0,0,0,0,0,0,0,0,0,0,0,0,0,0,0,0,0,0,0,0,0,0,0,0,0,0,0,0,0,0,0,0,0,0,0,0,0,0,0,0,0,0,0,0,0,0,0,0,0,0,0,0,0,0,0,0,0,0,0,0,0,0,0,1,0,0,0,0,0,0,0,0,0,0,0,0,0,0,0,0,0,0,0,0,0,0,0,0,0,0,0,0,0,0,0,0,0,0,0,0,0,0,0,0,0,0,0,0,0,0,0,0,0,0,0,0,0,0,0,0,0,0,0,0,0,1423,0,4,3,151,128,128,100,70,72,75,0,47,110,69,21,0,80,53,18,59,46,35,26,33,7,23,13,14,8,27,6,0,5,11,7,5,2,0,6,6,0,0,0,0,0,0,0,0,0,0,0,0,0,0,0,0,0,0,0,0,0,0,0,0,0,0,0,0,0,0,0,0,0,0,0,0,0,0,0,0,0,0,0,0,0,0,0,0,0,0,0,0,0,0,0,0,0,0,0,0,0,0,0,0,0,0,0,0,0,0,0,0,0,0,0,0,0,0,0,0,0,0,0,0,0,0,0,0,0,0,0,0,0,0,0,0,0,0,0,0,0,0,0,0,0,0,0,0,0,0,0,0,0,0,0,0,0,0,0,0,0,0,0,0,0,0,0,0,0,0,0,0,0,1,0,1,0,0,0,0,0,0,0,0,0,0,0,0,0,0,0,1,1,1,0,0,0,0,0,0,0,0,0,0,0,0,0,0,0,0,0,0,0,0,0,0,0,0,0,0,0,0,0,0,0,0,0,0,0,0,0,0,0,0,0,0,0,0,0,0,0,0,0,0,0,0,0,0,0,0,0,0,0,0,0,0,0,0,0,0,0,0,0,0,0,0,0,0,0,0,0,0,0,0,0,0,0,0,0,0,0,0,0,0,0,0,0,0,0,0,0,0,0,0,0,0,0,0,0,0,0,0,0,0,0,0,0,0,0,0,0,0,0,0,0,0,0,0,0,0,0,0,0,0,0,0,0,0,0,0,0,0,0,0,0,0,0,0,0,0,0,0,0,0,0,0
10,1/28/20,14,7,7,1,4,1,4,1,0,1,1,4,0,0,0,0,0,0,0,0,0,0,0,0,0,0,0,0,0,0,0,0,0,0,0,0,0,0,0,0,0,0,0,0,0,0,0,0,0,0,0,0,0,0,0,0,0,0,0,0,0,0,0,0,0,0,0,0,0,0,0,0,0,0,0,0,0,0,0,0,0,0,0,0,0,0,0,0,0,0,0,0,1,0,0,0,0,0,0,0,0,0,0,0,0,0,0,0,0,0,0,0,0,0,0,0,0,0,0,0,0,0,0,0,0,0,0,0,0,0,0,0,0,0,0,0,0,0,0,0,0,0,0,0,0,0,0,0,0,0,0,0,0,0,3554,0,4,4,207,168,173,143,106,109,95,0,70,132,90,33,0,91,66,33,80,51,46,44,40,9,24,27,19,8,34,8,0,10,15,11,8,2,0,6,7,0,0,0,0,0,0,0,0,0,0,0,0,0,0,0,0,0,0,0,0,0,0,0,0,0,0,0,0,0,0,0,0,0,0,0,0,0,0,0,0,0,0,0,0,0,0,0,0,0,0,0,0,0,0,0,0,0,0,0,0,0,0,0,0,0,0,0,0,0,0,0,0,0,0,0,0,0,0,0,0,0,0,0,0,0,0,0,0,0,0,0,0,0,0,0,0,0,0,0,0,0,0,0,0,0,0,0,0,0,0,0,0,0,0,0,0,0,0,0,0,0,0,0,0,0,0,0,0,0,0,0,0,0,1,0,1,0,0,0,0,0,0,0,0,0,0,0,0,0,0,0,1,1,1,0,0,0,0,0,0,0,0,0,0,0,0,0,0,0,0,0,0,0,0,0,0,0,0,0,0,0,0,0,0,0,0,0,0,0,0,0,0,0,0,0,0,0,0,0,0,0,0,0,0,0,0,0,0,0,0,0,0,0,0,0,0,0,0,0,0,0,0,0,0,0,0,0,0,0,0,0,0,0,0,0,0,0,0,0,0,0,0,0,0,0,0,0,0,0,0,0,0,0,0,0,0,0,0,0,0,0,0,0,0,0,0,0,0,0,0,0,0,0,0,0,0,0,0,0,0,0,0,0,0,0,0,0,0,0,0,0,0,0,0,0,0,0,0,0,0,0,0,0,0,0,0
11,1/29/20,14,7,7,1,7,1,4,1,1,1,1,4,1,4,0,0,0,0,0,0,0,0,0,0,0,0,0,0,0,0,0,0,0,0,0,0,0,0,0,0,0,0,0,0,0,0,0,0,0,0,0,0,0,0,0,0,0,0,0,0,0,0,0,0,0,0,0,0,0,0,0,0,0,0,0,0,0,0,0,0,0,0,0,0,0,0,0,0,0,0,0,0,1,0,0,0,0,0,0,0,0,0,0,0,0,0,0,0,0,0,0,0,0,0,0,0,0,0,0,0,0,0,0,0,0,0,0,0,0,0,0,0,0,0,0,0,0,0,0,0,0,0,0,0,0,0,0,0,0,0,0,0,0,0,3554,0,4,5,277,206,296,221,152,109,130,0,99,147,108,38,0,111,96,48,84,58,56,55,43,9,27,27,24,10,39,9,0,13,16,12,8,2,0,6,7,0,0,0,0,0,0,0,0,0,0,0,0,0,0,0,0,0,0,0,0,0,0,0,0,0,0,0,0,0,0,0,0,0,0,0,0,0,0,0,0,0,0,0,0,0,0,0,0,0,0,0,0,0,0,0,0,0,0,0,0,0,0,0,0,0,0,0,0,0,0,0,0,0,0,0,0,0,0,0,0,0,0,0,0,0,0,0,0,0,0,0,0,0,0,0,0,0,0,0,0,0,0,0,0,0,0,0,0,0,0,0,0,0,0,0,0,0,0,0,0,0,0,0,0,0,0,0,0,0,0,0,0,0,1,0,1,0,0,0,0,0,0,0,0,0,0,0,0,0,0,0,1,1,1,0,0,0,0,0,0,0,0,0,0,0,0,0,0,0,0,0,0,0,0,0,0,0,0,0,0,0,0,0,0,0,0,0,0,0,0,0,0,0,0,0,0,0,0,0,0,0,0,0,0,0,0,0,0,0,0,0,0,0,0,0,0,0,0,0,0,0,0,0,0,0,0,0,0,0,0,0,0,0,0,0,0,0,0,0,0,0,0,0,0,0,0,0,0,0,0,0,0,0,0,0,0,0,0,0,0,0,0,0,0,0,0,0,0,0,0,0,0,0,0,0,0,0,0,0,0,0,0,0,0,0,0,0,0,0,0,0,0,0,0,0,0,0,0,0,0,0,0,0,0,0,0
12,1/30/20,14,11,10,1,8,1,4,2,3,1,1,4,1,4,1,1,0,0,0,0,0,0,0,0,0,0,0,0,0,0,0,0,0,0,0,0,0,0,0,0,0,0,0,0,0,0,0,0,0,0,0,0,0,0,0,0,0,0,0,0,0,0,0,0,0,0,0,0,0,0,0,0,0,0,0,0,0,0,0,0,0,0,0,0,0,0,0,0,0,0,0,0,1,0,0,0,0,0,0,0,0,0,0,0,0,0,0,0,0,0,0,0,0,0,0,0,0,0,0,0,0,0,0,0,0,0,0,0,0,0,0,0,0,0,0,0,0,0,0,0,0,0,0,0,0,0,0,0,0,0,0,0,0,0,4903,0,4,5,354,278,428,277,200,162,158,0,129,182,142,44,0,114,112,65,101,78,63,70,46,12,31,35,26,10,41,14,0,14,19,17,9,2,0,8,7,0,0,0,0,0,0,0,1,0,0,0,0,0,0,0,0,0,0,0,0,0,0,0,0,0,0,0,0,0,0,0,0,0,0,0,0,0,0,0,0,0,0,0,0,0,0,0,0,0,0,0,0,0,0,0,0,0,0,0,0,0,0,0,0,0,0,0,0,0,0,0,0,0,0,0,0,0,0,0,0,0,0,0,0,0,0,0,0,0,0,0,0,0,0,0,0,0,0,0,0,0,0,0,0,0,0,0,0,0,0,0,0,0,0,0,0,0,0,0,0,0,0,0,0,0,0,0,0,0,0,0,0,0,1,0,1,0,0,0,0,0,0,0,0,0,0,0,0,0,0,0,1,1,1,0,0,0,0,0,0,0,0,0,0,0,0,0,0,0,0,0,0,0,0,0,0,0,0,0,0,0,0,0,0,0,0,0,0,0,0,0,0,0,0,0,0,0,0,0,0,0,0,0,0,0,0,0,0,0,0,0,0,0,0,0,0,0,0,0,0,0,0,0,0,0,0,0,0,0,0,0,0,0,0,0,0,0,0,0,0,0,0,0,0,0,0,0,0,0,0,0,0,0,0,0,0,0,0,0,0,0,0,0,0,0,0,0,0,0,0,0,0,0,0,0,0,0,0,0,0,0,0,0,0,0,0,0,0,0,0,0,0,0,0,0,0,0,0,0,0,0,0,0,0,0,0
13,1/31/20,19,15,13,1,8,1,4,3,2,1,1,5,1,4,1,1,2,1,0,0,0,0,0,0,0,0,0,0,0,0,0,0,0,0,0,0,0,0,0,0,0,0,0,0,0,0,0,0,0,0,0,0,0,0,0,0,0,0,0,0,0,0,0,0,0,0,0,0,0,0,0,0,0,0,0,0,0,0,0,0,0,0,0,0,0,0,0,0,0,0,0,0,3,0,0,0,0,0,0,0,0,0,0,0,0,0,0,0,0,0,0,0,0,0,0,0,0,0,0,0,0,0,0,0,0,0,0,0,0,0,0,0,0,0,0,0,0,0,0,0,0,0,0,0,0,0,0,0,0,0,0,0,0,0,5806,0,11,5,436,352,538,332,237,240,184,0,168,211,177,59,0,139,135,82,120,87,87,83,52,29,32,39,29,12,48,14,0,17,20,21,10,2,2,8,7,0,0,0,0,0,0,0,1,0,0,0,0,0,0,0,0,0,0,0,0,0,0,0,0,0,0,0,0,0,0,0,0,0,0,0,0,0,0,0,0,0,0,0,0,0,0,0,0,0,0,0,0,0,0,0,0,0,0,0,0,0,0,0,0,0,0,0,0,0,0,0,0,0,0,0,0,0,0,0,0,0,0,0,0,0,0,0,0,0,0,0,0,0,0,0,0,0,0,0,0,0,0,0,0,0,0,0,0,0,0,0,0,0,0,0,0,0,0,1,0,0,0,0,0,0,0,0,0,0,0,0,0,0,1,0,1,0,0,0,0,0,0,0,0,0,0,0,0,0,0,0,1,1,2,0,0,0,0,0,0,0,0,0,0,0,0,0,0,0,0,0,0,0,0,0,0,0,0,0,0,0,0,0,0,0,0,0,0,0,0,0,0,0,0,0,0,0,0,0,0,0,0,0,0,0,0,0,0,2,0,0,0,0,0,0,0,0,0,0,0,0,0,0,0,0,0,0,0,0,0,0,0,0,0,0,0,0,0,0,0,0,0,0,0,0,0,0,0,0,0,0,0,0,0,0,0,0,0,0,0,0,0,0,0,0,0,0,0,0,0,0,0,0,0,0,0,0,0,0,0,0,0,0,0,0,0,0,0,0,0,0,0,0,0,0,0,0,0,0,0,0,0,0,0,0,0
14,2/1/20,19,20,16,1,8,1,4,4,3,1,1,8,1,4,1,1,2,1,1,1,0,0,0,0,0,0,0,0,0,0,0,0,0,0,0,0,0,0,0,0,0,0,0,0,0,0,0,0,0,0,0,0,0,0,0,0,0,0,0,0,0,0,0,0,0,0,0,0,0,0,0,0,0,0,0,0,0,0,0,0,0,0,0,0,0,0,0,0,0,0,0,0,3,0,0,0,0,0,0,0,0,0,0,0,0,0,0,0,0,0,0,0,0,0,0,0,0,0,0,0,0,0,0,0,0,0,0,0,0,0,0,0,0,0,0,0,0,0,0,0,0,0,0,0,0,0,0,0,0,0,0,0,0,0,7153,0,12,6,535,422,599,389,297,286,206,0,202,247,207,80,0,168,169,96,144,100,101,93,62,29,41,47,40,13,64,17,0,18,23,26,10,6,2,9,7,0,0,0,0,0,0,0,1,0,0,0,0,0,0,0,0,0,0,0,0,0,0,0,0,0,0,0,0,0,0,0,0,0,0,0,0,0,0,0,0,0,0,0,0,0,0,0,0,0,0,0,0,0,0,0,0,0,0,0,0,0,0,0,0,0,0,0,0,0,0,0,0,0,0,0,0,0,0,0,0,0,0,0,0,0,0,0,0,0,0,0,0,0,0,0,0,0,0,0,0,0,0,0,0,0,0,0,0,0,0,0,0,0,0,0,0,0,0,1,0,0,0,0,0,0,0,1,0,0,0,0,0,0,1,0,1,0,0,0,0,0,0,0,0,0,0,0,0,0,0,0,1,1,2,0,0,0,0,0,0,0,0,0,0,0,0,0,0,0,0,0,0,0,0,0,0,0,0,0,0,0,0,0,0,0,0,0,0,0,0,0,0,0,0,0,0,0,0,0,0,0,0,0,0,0,0,0,0,2,0,0,0,0,0,0,0,0,0,0,0,0,0,0,0,0,0,0,0,0,0,0,0,0,0,0,0,0,0,0,0,0,0,0,0,0,0,0,0,0,0,0,0,0,0,0,0,0,0,0,0,0,0,0,0,0,0,0,0,0,0,0,0,0,0,0,0,0,0,0,0,0,0,0,0,0,0,0,0,0,0,0,0,0,0,0,0,0,0,0,0,0,0,0,0,0,0
15,2/2/20,19,20,18,1,8,1,4,4,2,1,1,10,1,5,2,2,2,1,1,2,0,0,0,0,0,0,0,0,0,0,0,0,0,0,0,0,0,0,0,0,0,0,0,0,0,0,0,0,0,0,0,0,0,0,0,0,0,0,0,0,0,0,0,0,0,0,0,0,0,0,0,0,0,0,0,0,0,0,0,0,0,0,0,0,0,0,0,0,0,0,0,0,3,0,0,0,0,0,0,0,0,0,0,0,0,0,0,0,0,0,0,0,0,0,0,0,0,0,0,0,0,0,0,0,0,0,0,0,0,0,0,0,0,0,0,0,0,0,0,0,0,0,0,0,0,0,0,0,0,0,0,0,0,0,11177,0,15,6,632,493,661,463,340,333,230,0,236,300,231,95,0,191,182,104,159,111,116,105,64,38,48,66,51,15,70,23,0,21,27,28,10,6,2,11,8,0,0,0,0,0,0,0,1,0,0,0,0,0,0,0,0,0,0,0,0,0,0,0,0,0,0,0,0,0,0,0,0,0,0,0,0,0,0,0,0,0,0,0,0,0,0,0,0,0,0,0,0,0,0,0,0,0,0,0,0,0,0,0,0,0,0,0,0,0,0,0,0,0,0,0,0,0,0,0,0,0,0,0,0,0,0,0,0,0,0,0,0,0,0,0,0,0,0,0,0,0,0,0,0,0,0,0,0,0,0,0,0,0,0,0,0,0,0,1,0,0,0,0,0,0,0,1,0,0,0,0,0,0,1,0,1,0,0,0,0,0,0,0,0,0,0,0,0,0,0,0,1,1,2,0,0,0,0,0,0,0,0,0,0,0,0,0,0,0,0,0,0,0,0,0,0,0,0,0,0,0,0,0,0,0,0,0,0,0,0,0,0,0,0,0,0,0,0,0,0,0,0,0,0,0,0,0,0,2,0,0,0,0,0,0,0,0,0,0,0,0,0,0,0,0,0,0,0,0,0,0,0,0,0,0,0,0,0,0,0,0,0,0,0,0,0,0,0,0,0,0,0,0,0,0,0,0,0,0,0,0,0,0,0,0,0,0,0,0,0,0,0,0,0,0,0,0,0,0,0,0,0,0,0,0,0,0,0,0,0,0,0,0,0,0,0,0,0,0,0,0,0,0,0,0,0
16,2/3/20,19,20,18,1,8,1,4,4,2,1,1,12,1,5,2,3,2,1,1,2,0,0,0,0,0,0,0,0,0,0,0,0,0,0,0,0,0,0,0,0,0,0,0,0,0,0,0,0,0,0,0,0,0,0,0,0,0,0,0,0,0,0,0,0,0,0,0,0,0,0,0,0,0,0,0,0,0,0,0,0,0,0,0,0,0,0,0,0,0,0,0,0,3,0,0,0,0,0,0,0,0,0,0,0,0,0,0,0,0,0,0,0,0,0,0,0,0,0,0,0,0,0,0,0,0,0,0,0,0,0,0,0,0,0,0,0,0,0,0,0,0,0,0,0,0,0,0,0,0,0,0,0,0,0,13522,0,15,6,725,566,724,521,408,391,259,0,271,337,254,121,0,212,203,113,179,127,128,117,72,46,60,74,55,15,74,31,0,24,34,31,10,8,2,13,8,0,0,0,0,0,0,0,1,0,0,0,0,0,0,0,0,0,0,0,0,0,0,0,0,0,0,0,0,0,0,0,0,0,0,0,0,0,0,0,0,0,0,0,0,0,0,0,0,0,0,0,0,0,0,0,0,0,0,0,0,0,0,0,0,0,0,0,0,0,0,0,0,0,0,0,0,0,0,0,0,0,0,0,0,0,0,0,0,0,0,0,0,0,0,0,0,0,0,0,0,0,0,0,0,0,0,0,0,0,0,0,0,0,0,0,0,0,0,2,0,0,0,0,0,0,0,1,0,0,0,0,0,0,1,0,1,0,0,0,0,0,0,0,0,0,0,0,0,0,0,2,1,1,2,0,0,0,0,0,0,0,0,0,0,0,0,0,0,0,0,0,0,0,0,0,0,0,0,0,0,0,0,0,0,0,0,0,0,0,0,0,0,0,0,0,0,0,0,0,0,0,0,0,0,0,0,0,0,2,0,0,0,0,0,0,0,0,0,0,0,0,0,0,0,0,0,0,0,0,0,0,0,0,0,0,0,0,0,0,0,0,0,0,0,0,0,0,0,0,0,0,0,0,0,0,0,0,0,0,0,0,0,0,0,0,0,0,0,0,0,0,0,0,0,0,0,0,0,0,0,0,0,0,0,0,0,0,0,0,0,0,0,0,0,0,0,0,0,0,0,0,0,0,0,0,0
17,2/4/20,25,22,24,1,10,1,4,4,3,1,1,12,1,5,2,3,2,1,1,2,1,0,0,0,0,0,0,0,0,0,0,0,0,0,0,0,0,0,0,0,0,0,0,0,0,0,0,0,0,0,0,0,0,0,0,0,0,0,0,0,0,0,0,0,0,0,0,0,0,0,0,0,0,0,0,0,0,0,0,0,0,0,0,0,0,0,0,0,0,0,0,0,3,0,0,0,0,0,0,0,0,0,0,0,0,0,0,0,0,0,0,0,0,0,0,0,0,0,0,0,0,0,0,0,0,0,0,0,0,0,0,0,0,0,0,0,0,0,0,0,0,0,0,0,0,0,0,0,0,0,0,0,0,0,16678,0,16,6,813,675,829,593,480,476,275,0,308,366,282,155,0,228,219,126,194,139,142,122,80,58,67,81,57,17,81,42,0,29,35,34,11,8,2,15,10,0,0,0,0,0,0,0,1,0,0,0,0,0,0,0,0,0,0,0,0,0,0,0,0,0,0,0,0,0,0,0,0,0,0,0,0,0,0,0,0,0,0,0,0,0,0,0,0,0,0,0,0,0,0,0,0,0,0,0,0,0,0,0,0,0,0,0,0,0,0,0,0,0,0,0,0,0,0,0,0,0,0,0,0,0,0,0,0,0,0,0,0,0,0,0,0,0,0,0,0,0,0,0,0,0,0,0,0,0,0,0,0,0,0,0,0,0,0,2,0,0,0,0,0,0,0,1,0,0,0,0,0,0,1,0,1,0,0,0,0,0,0,0,0,0,0,0,0,0,0,2,1,1,2,0,0,0,0,0,0,0,0,0,0,0,0,0,0,0,0,0,0,0,0,0,0,0,0,0,0,0,0,0,0,0,0,0,0,0,0,0,0,0,0,0,0,0,0,0,0,0,0,0,0,0,0,0,0,2,0,0,0,0,0,0,0,0,0,0,0,0,0,0,0,0,0,0,0,0,0,0,0,0,0,0,0,0,0,0,0,0,0,0,0,0,0,0,0,0,0,0,0,0,0,0,0,0,0,0,0,0,0,0,0,0,0,0,0,0,0,0,0,0,0,0,0,0,0,0,0,0,0,0,0,0,0,0,0,0,0,0,0,0,0,0,0,0,0,0,0,0,0,0,0,0,0
18,2/5/20,25,22,28,1,12,2,4,4,3,1,1,12,1,5,2,3,2,1,1,2,1,0,0,0,0,0,0,0,0,0,0,0,0,0,0,0,0,0,0,0,0,0,0,0,0,0,0,0,0,0,0,0,0,0,0,0,0,0,0,0,0,0,0,0,0,0,0,0,0,0,0,0,0,0,0,0,0,0,0,0,0,0,0,0,0,0,0,0,0,0,0,0,3,0,0,0,0,0,0,0,0,0,0,0,0,0,0,0,0,0,0,0,0,0,0,0,0,0,0,0,0,0,0,0,0,0,0,0,0,0,0,0,0,0,0,0,0,0,0,0,0,0,0,0,0,0,0,0,0,0,0,0,0,0,19665,0,19,6,895,764,895,661,530,548,307,0,341,389,301,190,0,253,243,135,205,150,165,128,99,64,69,81,62,21,89,54,0,32,42,34,11,8,2,17,10,0,0,0,0,0,0,0,1,0,0,0,0,0,0,0,0,0,0,0,0,0,0,0,0,0,0,0,0,0,0,0,0,0,0,0,0,0,0,0,0,0,0,0,0,0,0,0,0,0,0,0,0,0,0,0,0,0,0,0,0,0,0,0,0,0,0,0,0,0,0,0,0,0,0,0,0,0,0,0,0,0,0,0,0,0,0,0,0,0,0,0,0,0,0,0,0,0,0,0,0,0,0,0,0,0,0,0,0,0,0,0,0,0,0,0,0,0,0,2,0,0,0,0,0,0,0,1,0,0,0,0,0,0,1,0,1,0,0,0,0,0,0,0,0,0,0,0,0,0,0,2,1,1,2,0,0,0,0,0,0,0,0,0,0,0,0,0,0,0,0,0,0,0,0,0,0,0,0,0,0,0,0,0,0,0,0,0,0,0,0,0,0,0,0,0,0,0,0,0,0,0,0,0,0,0,0,0,0,2,0,0,0,0,0,0,0,0,0,0,0,0,0,0,0,0,0,0,0,0,0,0,0,0,0,0,0,0,0,0,0,0,0,0,0,0,0,0,0,0,0,0,0,0,0,0,0,0,0,0,0,0,0,0,0,0,0,0,0,0,0,0,0,0,0,0,0,0,0,0,0,0,0,0,0,0,0,0,0,0,0,0,0,0,0,0,0,0,0,0,0,0,0,0,0,0,0
19,2/6/20,25,45,28,1,12,2,4,4,4,1,1,12,1,5,2,3,2,1,1,2,1,0,0,0,0,0,0,0,0,0,0,0,0,0,0,0,0,0,0,0,0,0,0,0,0,0,0,0,0,0,0,0,0,0,0,0,0,0,0,0,0,0,0,0,0,0,0,0,0,0,0,0,0,0,0,0,0,0,0,0,0,0,0,0,0,0,0,0,0,0,0,0,3,0,0,0,0,0,0,0,0,0,0,0,0,0,0,0,0,0,0,0,0,0,0,0,0,0,0,0,0,0,0,0,0,0,0,0,0,0,0,0,0,0,0,0,0,0,0,0,0,0,0,0,0,0,0,0,0,0,0,0,0,0,22112,0,23,6,970,851,954,711,591,600,347,0,373,411,321,227,0,274,257,157,215,168,173,133,106,71,79,96,62,24,94,59,0,36,46,40,16,10,2,18,10,0,0,0,0,0,0,0,1,0,0,0,0,0,0,0,0,0,0,0,0,0,0,0,0,0,0,0,0,0,0,0,0,0,0,0,0,0,0,0,0,0,0,0,0,0,0,0,0,0,0,0,0,0,0,0,0,0,0,0,0,0,0,0,0,0,0,0,0,0,0,0,0,0,0,0,0,0,0,0,0,0,0,0,0,0,0,0,0,0,0,0,0,0,0,0,0,0,0,0,0,0,0,0,0,0,0,0,0,0,0,0,0,0,0,0,0,0,0,2,0,0,0,0,0,0,0,1,0,0,0,0,0,0,1,0,1,0,0,0,0,0,0,0,0,0,0,0,0,0,0,2,1,1,2,0,0,0,0,0,0,0,0,0,0,0,0,0,0,0,0,0,0,0,0,0,0,0,0,0,0,0,0,0,0,0,0,0,0,0,0,0,0,0,0,0,0,0,0,0,0,0,0,0,0,0,0,0,0,2,0,0,0,0,0,0,0,0,0,0,0,0,0,0,0,0,0,0,0,0,0,0,0,0,0,0,0,0,0,0,0,0,0,0,0,0,0,0,0,0,0,0,0,0,0,0,0,0,0,0,0,0,0,0,0,0,0,0,0,0,0,0,0,0,0,0,0,0,0,0,0,0,0,0,0,0,0,0,0,0,0,0,0,0,0,0,0,0,0,0,0,0,0,0,0,0,0
20,2/7/20,25,25,30,1,12,4,4,4,5,1,1,13,1,5,3,3,3,1,1,2,1,0,0,0,0,0,0,0,0,0,0,0,0,0,0,0,0,0,0,0,0,0,0,0,0,0,0,0,0,0,0,0,0,0,0,0,0,0,0,0,0,0,0,0,0,0,0,0,0,0,0,0,0,0,0,0,0,0,0,0,0,0,0,0,0,0,0,0,0,0,0,0,3,0,0,0,0,0,0,0,0,0,0,0,0,0,0,0,0,0,0,0,0,0,0,0,0,0,0,0,0,0,0,0,0,0,0,0,0,0,0,0,0,0,0,0,0,0,0,0,0,0,0,0,0,0,0,0,0,0,0,0,0,0,24953,0,24,6,1034,914,1006,772,665,661,386,61,408,426,344,277,0,297,277,172,224,172,184,138,117,81,81,104,67,25,99,65,0,39,50,43,16,10,2,18,10,0,0,0,0,0,0,0,1,0,0,0,0,0,0,0,0,0,0,0,0,0,0,0,0,0,0,0,0,0,0,0,0,0,0,0,0,0,0,0,0,0,0,0,0,0,0,0,0,0,0,0,0,0,0,0,0,0,0,0,0,0,0,0,0,0,0,0,0,0,0,0,0,0,0,0,0,0,0,0,0,0,0,0,0,0,0,0,0,0,0,0,0,0,0,0,0,0,0,0,0,0,0,0,0,0,0,0,0,0,0,0,0,0,0,0,0,0,0,2,0,0,0,0,0,0,0,1,0,0,0,0,0,0,1,0,1,0,0,0,0,0,0,0,0,0,0,0,0,0,0,2,1,1,2,0,0,0,0,0,0,0,0,0,0,0,0,0,0,0,0,0,0,0,0,0,0,0,0,0,0,0,0,0,0,0,0,0,0,0,0,0,0,0,0,0,0,0,0,0,0,0,0,0,0,0,0,0,0,3,0,0,0,0,0,0,0,0,0,0,0,0,0,0,0,0,0,0,0,0,0,0,0,0,0,0,0,0,0,0,0,0,0,0,0,0,0,0,0,0,0,0,0,0,0,0,0,0,0,0,0,0,0,0,0,0,0,0,0,0,0,0,0,0,0,0,0,0,0,0,0,0,0,0,0,0,0,0,0,0,0,0,0,0,0,0,0,0,0,0,0,0,0,0,0,0,0
21,2/8/20,32,25,33,1,16,4,4,4,5,1,1,13,1,7,3,3,3,1,1,2,1,0,0,0,0,0,0,0,0,0,0,0,0,0,0,0,0,0,0,0,0,0,0,0,0,0,0,0,0,0,0,0,0,0,0,0,0,0,0,0,0,0,0,0,0,0,0,0,0,0,0,0,0,0,0,0,0,0,0,0,0,0,0,0,0,0,0,0,0,0,0,0,3,0,0,0,0,0,0,0,0,0,0,0,0,0,0,0,0,0,0,0,0,0,0,0,0,0,0,0,0,0,0,0,0,0,0,0,0,0,0,0,0,0,0,0,0,0,0,0,0,0,0,0,0,0,0,0,0,0,0,0,0,0,27100,0,24,11,1095,981,1048,803,733,698,416,61,439,428,364,295,0,315,286,195,239,183,195,138,124,89,88,115,79,26,105,69,0,42,52,45,17,13,2,18,10,0,0,0,0,0,0,0,1,0,0,0,0,0,0,0,0,0,0,0,0,0,0,0,0,0,0,0,0,0,0,0,0,0,0,0,0,0,0,0,0,0,0,0,0,0,0,0,0,0,0,0,0,0,0,0,0,0,0,0,0,0,0,0,0,0,0,0,0,0,0,0,0,0,0,0,0,0,0,0,0,0,0,0,0,0,0,0,0,0,0,0,0,0,0,0,0,0,0,0,0,0,0,0,0,0,0,0,0,0,0,0,0,0,0,0,0,0,0,2,0,0,0,0,0,0,0,1,0,0,0,0,0,0,1,0,1,0,0,0,0,0,0,0,0,0,0,0,0,0,0,2,1,1,2,0,0,0,0,0,0,0,0,0,0,0,0,0,0,0,0,0,0,0,0,0,0,0,0,0,0,0,0,0,0,0,0,0,0,0,0,0,0,0,0,0,0,0,0,0,0,0,0,0,0,0,0,0,0,3,0,0,0,0,0,0,0,0,0,0,0,0,0,0,0,0,0,0,0,0,0,0,0,0,0,0,0,0,0,0,0,0,0,0,0,0,0,0,0,0,0,0,0,0,0,0,0,0,0,0,0,0,0,0,0,0,0,0,0,0,0,0,0,0,0,0,0,0,0,0,0,0,0,0,0,0,0,0,0,0,0,0,0,0,0,0,0,0,0,0,0,0,0,0,0,0,0
22,2/9/20,32,26,40,1,16,4,4,4,5,1,1,14,1,7,3,3,3,1,2,2,1,0,0,0,0,0,0,0,0,0,0,0,0,0,0,0,0,0,0,0,0,0,0,0,0,0,0,0,0,0,0,0,0,0,0,0,0,0,0,0,0,0,0,0,0,0,0,0,0,0,0,0,0,0,0,0,0,0,0,0,0,0,0,0,0,0,0,0,0,0,0,0,3,0,0,0,0,0,0,0,0,0,0,0,0,0,0,0,0,0,0,0,0,0,0,0,0,0,0,0,0,0,0,0,0,0,0,0,0,0,0,0,0,0,0,0,0,0,0,0,0,0,0,0,0,0,0,0,0,0,0,0,0,0,29631,0,25,11,1131,1033,1075,838,779,740,444,64,468,468,386,307,0,326,293,206,250,195,208,141,131,99,91,119,83,29,107,78,0,45,54,45,18,13,2,18,10,0,0,0,0,0,0,0,1,0,0,0,0,0,0,0,0,0,0,0,0,0,0,0,0,0,0,0,0,0,0,0,0,0,0,0,0,0,0,0,0,0,0,0,0,0,0,0,0,0,0,0,0,0,0,0,0,0,0,0,0,0,0,0,0,0,0,0,0,0,0,0,0,0,0,0,0,0,0,0,0,0,0,0,0,0,0,0,0,0,0,0,0,0,0,0,0,0,0,0,0,0,0,0,0,0,0,0,0,0,0,0,0,0,0,0,0,0,0,2,0,0,0,0,0,0,0,1,0,0,0,0,0,0,1,0,1,0,0,0,0,0,0,0,0,0,0,0,0,0,0,2,1,1,2,0,0,0,0,0,0,0,0,0,0,0,0,0,0,0,0,0,0,0,0,0,0,0,0,0,0,0,0,0,0,0,0,0,0,0,0,0,0,0,0,0,0,0,0,0,0,0,0,0,0,0,0,0,0,3,0,0,0,0,0,0,0,0,0,0,0,0,0,0,0,0,0,0,0,0,0,0,0,0,0,0,0,0,0,0,0,0,0,0,0,0,0,0,0,0,0,0,0,0,0,0,0,0,0,0,0,0,0,0,0,0,0,0,0,0,0,0,0,0,0,0,0,0,0,0,0,0,0,0,0,0,0,0,0,0,0,0,0,0,0,0,0,0,0,0,0,0,0,0,0,0,0
23,2/10/20,32,26,45,1,18,4,4,4,5,1,1,14,1,8,3,3,3,1,2,2,1,0,0,0,0,0,0,0,0,0,0,0,0,0,0,0,0,0,0,0,0,0,0,0,0,0,0,0,0,0,0,0,0,0,0,0,0,0,0,0,0,0,0,0,0,0,0,0,0,0,0,0,0,0,0,0,0,0,0,0,0,0,0,0,0,0,0,0,0,0,0,0,3,0,0,0,0,0,0,0,0,0,0,0,0,0,0,0,0,0,0,0,0,0,0,0,0,0,0,0,0,0,0,0,0,0,0,0,0,0,0,0,0,0,0,0,0,0,0,0,0,0,0,0,0,0,0,0,0,0,0,0,0,0,31728,0,27,11,1159,1073,1092,879,830,771,466,135,492,486,405,331,0,337,299,218,261,210,213,149,138,109,95,119,83,38,108,80,0,49,58,49,18,14,2,18,10,0,0,0,0,0,0,0,1,0,0,0,0,0,0,0,0,0,0,0,0,0,0,0,0,0,0,0,0,0,0,0,0,0,0,0,0,0,0,0,0,0,0,0,0,0,0,0,0,0,0,0,0,0,0,0,0,0,0,0,0,0,0,0,0,0,0,0,0,0,0,0,0,0,0,0,0,0,0,0,0,0,0,0,0,0,0,0,0,0,0,0,0,0,0,0,0,0,0,0,0,0,0,0,0,0,0,0,0,0,0,0,0,0,0,0,0,0,0,2,0,0,0,0,0,0,0,1,0,0,0,0,0,0,1,0,1,0,0,0,0,0,0,0,0,0,0,0,0,0,0,2,1,1,2,0,0,0,0,0,0,0,0,0,0,0,0,0,0,0,0,0,0,0,0,0,0,0,0,0,0,0,0,0,0,0,0,0,0,0,0,0,0,0,0,0,0,0,0,0,0,0,0,0,0,0,0,0,0,8,0,0,0,0,0,0,0,0,0,0,0,0,0,0,0,0,0,0,0,0,0,0,0,0,0,0,0,0,0,0,0,0,0,0,0,0,0,0,0,0,0,0,0,0,0,0,0,0,0,0,0,0,0,0,0,0,0,0,0,0,0,0,0,0,0,0,0,0,0,0,0,0,0,0,0,0,0,0,0,0,0,0,0,0,0,0,0,0,0,0,0,0,0,0,0,0,0
24,2/11/20,33,26,47,1,18,4,4,4,5,1,1,16,1,8,3,3,3,1,2,2,1,0,0,0,0,0,0,0,0,0,0,0,0,0,0,0,0,0,0,0,0,0,0,0,0,0,0,0,0,0,0,0,0,0,0,0,0,0,0,0,0,0,0,0,0,0,0,0,0,0,0,0,0,0,0,0,0,0,0,0,0,0,0,0,0,0,0,0,0,0,0,0,3,0,0,0,0,0,0,0,0,0,0,0,0,0,0,0,0,0,0,0,0,0,0,0,0,0,0,0,0,0,0,0,0,0,0,0,0,0,0,0,0,0,0,0,0,0,0,0,0,0,0,0,0,0,0,0,0,0,0,0,0,0,33366,0,28,11,1177,1105,1117,912,860,804,487,135,515,505,417,360,0,342,303,239,267,215,219,153,144,127,106,124,86,49,111,81,0,55,58,53,18,15,2,18,10,0,0,0,0,0,0,0,1,0,0,0,0,0,0,0,0,0,0,0,0,0,0,0,0,0,0,0,0,0,0,0,0,0,0,0,0,0,0,0,0,0,0,0,0,0,0,0,0,0,0,0,0,0,0,0,0,0,0,0,0,0,0,0,0,0,0,0,0,0,0,0,0,0,0,0,0,0,0,0,0,0,0,0,0,0,0,0,0,0,0,0,0,0,0,0,0,0,0,0,0,0,0,0,0,0,0,0,0,0,0,0,0,0,0,0,0,0,0,2,0,0,0,0,0,0,0,1,0,0,0,0,0,0,1,0,1,0,0,0,0,0,0,0,0,0,0,0,0,0,1,2,1,1,2,0,0,0,0,0,0,0,0,0,0,0,0,0,0,0,0,0,0,0,0,0,0,0,0,0,0,0,0,0,0,0,0,0,0,0,0,0,0,0,0,0,0,0,0,0,0,0,0,0,0,0,0,0,0,8,0,0,0,0,0,0,0,0,0,0,0,0,0,0,0,0,0,0,0,0,0,0,0,0,0,0,0,0,0,0,0,0,0,0,0,0,0,0,0,0,0,0,0,0,0,0,0,0,0,0,0,0,0,0,0,0,0,0,0,0,0,0,0,0,0,0,0,0,0,0,0,0,0,0,0,0,0,0,0,0,0,0,0,0,0,0,0,0,0,0,0,0,0,0,0,0,0
25,2/12/20,33,28,50,1,18,4,4,4,5,1,1,16,1,8,3,3,3,1,2,2,1,0,0,0,0,0,0,0,0,0,0,0,0,0,0,0,0,0,0,0,0,0,0,0,0,0,0,0,0,0,0,0,0,0,0,0,0,0,0,0,0,0,0,0,0,0,0,0,0,0,0,0,0,0,0,0,0,0,0,0,0,0,0,0,0,0,0,0,0,0,0,0,3,0,0,0,0,0,0,0,0,0,0,0,0,0,0,0,0,0,0,0,0,0,0,0,0,0,0,0,0,0,0,0,0,0,0,0,0,0,0,0,0,0,0,0,0,0,0,0,0,0,0,0,0,0,0,0,0,0,0,0,0,0,33366,0,28,11,1219,1135,1131,946,889,844,497,175,543,518,436,378,0,352,311,251,272,222,225,154,157,133,112,126,87,50,116,83,0,59,60,58,18,15,2,18,10,0,0,0,0,0,0,0,1,0,0,0,0,0,0,0,0,0,0,0,0,0,0,0,0,0,0,0,0,0,0,0,0,0,0,0,0,0,0,0,0,0,0,0,0,0,0,0,0,0,0,0,0,0,0,0,0,0,0,0,0,0,0,0,0,0,0,0,0,0,0,0,0,0,0,0,0,0,0,0,0,0,0,0,0,0,0,0,0,0,0,0,0,0,0,0,0,0,0,0,0,0,0,0,0,0,0,0,0,0,0,0,0,0,0,0,0,0,0,2,0,0,0,0,0,0,0,1,0,0,0,0,0,0,1,0,1,0,0,0,0,0,0,0,0,0,0,0,0,0,1,2,1,1,2,0,0,0,0,0,0,0,0,0,0,0,0,0,0,0,0,0,0,0,0,0,0,0,0,0,0,0,0,0,0,0,0,0,0,0,0,0,0,0,0,0,0,0,0,0,0,0,0,0,0,0,0,0,0,9,0,0,0,0,0,0,0,0,0,0,0,0,0,0,0,0,0,0,0,0,0,0,0,0,0,0,0,0,0,0,0,0,0,0,0,0,0,0,0,0,0,0,0,0,0,0,0,0,0,0,0,0,0,0,0,0,0,0,0,0,0,0,0,0,0,0,0,0,0,0,0,0,0,0,0,0,0,0,0,0,0,0,0,0,0,0,0,0,0,0,0,0,0,0,0,0,0
26,2/13/20,33,28,58,1,19,4,4,4,5,1,1,16,1,8,3,3,3,1,2,2,1,0,0,0,0,0,0,0,0,0,0,0,0,0,0,0,0,0,0,0,0,0,0,0,0,0,0,0,0,0,0,0,0,0,0,0,0,0,0,0,0,0,0,0,0,0,0,0,0,0,0,0,0,0,0,0,0,0,0,0,0,0,0,0,0,0,0,0,0,0,0,0,3,0,0,0,0,0,0,0,0,0,0,0,0,0,0,0,0,0,0,0,0,0,0,0,0,0,0,0,0,0,0,0,0,0,0,0,0,0,0,0,0,0,0,0,0,0,0,0,0,0,0,0,0,0,0,0,0,0,0,0,0,0,48206,0,28,11,1241,1169,1145,968,910,872,509,175,570,529,451,395,0,366,315,265,279,222,229,156,157,135,119,126,90,53,117,84,0,63,61,64,18,16,2,18,10,0,0,0,0,0,0,0,1,0,0,0,0,0,0,0,0,0,0,0,0,0,0,0,0,0,0,0,0,0,0,0,0,0,0,0,0,0,0,0,0,0,0,0,0,0,0,0,0,0,0,0,0,0,0,0,0,0,0,0,0,0,0,0,0,0,0,0,0,0,0,0,0,0,0,0,0,0,0,0,0,0,0,0,0,0,0,0,0,0,0,0,0,0,0,0,0,0,0,0,0,0,0,0,0,0,0,0,0,0,0,0,0,0,0,0,0,0,0,2,0,0,0,0,0,0,0,1,0,0,0,0,0,0,1,0,1,0,0,0,0,0,0,0,0,0,0,0,0,0,2,2,1,1,2,0,0,0,0,0,0,0,0,0,0,0,0,0,0,0,0,0,0,0,0,0,0,0,0,0,0,0,0,0,0,0,0,0,0,0,0,0,0,0,0,0,0,0,0,0,0,0,0,0,0,0,0,0,0,9,0,0,0,0,0,0,0,0,0,0,0,0,0,0,0,0,0,0,0,0,0,0,0,0,0,0,0,0,0,0,0,0,0,0,0,0,0,0,0,0,0,0,0,0,0,0,0,0,0,0,0,0,0,0,0,0,0,0,0,0,0,0,0,0,0,0,0,0,0,0,0,0,0,0,0,0,0,0,0,0,0,0,0,0,0,0,0,0,0,0,0,0,0,0,0,0,0
27,2/14/20,33,29,67,1,19,4,4,4,5,1,1,16,1,8,3,3,3,1,2,2,1,1,0,0,0,0,0,0,0,0,0,0,0,0,0,0,0,0,0,0,0,0,0,0,0,0,0,0,0,0,0,0,0,0,0,0,0,0,0,0,0,0,0,0,0,0,0,0,0,0,0,0,0,0,0,0,0,0,0,0,0,0,0,0,0,0,0,0,0,0,0,0,3,0,0,0,0,0,0,0,0,0,0,0,0,0,0,0,0,0,0,0,0,0,0,0,0,0,0,0,0,0,0,0,0,0,0,0,0,0,0,0,0,0,0,0,0,0,0,0,0,0,0,0,0,0,0,0,0,0,0,0,0,0,54406,0,28,11,1261,1184,1155,988,934,900,523,218,593,537,463,419,0,372,318,283,281,226,230,162,159,140,120,127,90,56,119,86,0,65,65,67,18,16,2,18,10,0,0,0,0,0,0,0,1,0,0,0,0,0,0,0,0,0,0,0,0,0,0,0,0,0,0,0,0,0,0,0,0,0,0,0,0,0,0,0,0,0,0,0,0,0,0,0,0,0,0,0,0,0,0,0,0,0,0,0,0,0,0,0,0,0,0,0,0,0,0,0,0,0,0,0,0,0,0,0,0,0,0,0,0,0,0,0,0,0,0,0,0,0,0,0,0,0,0,0,0,0,0,0,0,0,0,0,0,0,0,0,0,0,0,0,0,0,0,2,0,0,0,0,0,0,0,1,0,0,0,0,0,0,1,0,1,0,0,0,0,0,0,0,0,0,0,0,0,0,2,2,1,1,2,0,0,0,0,0,0,0,0,0,0,0,0,0,0,0,0,0,0,0,0,0,0,0,0,0,0,0,0,0,0,0,0,0,0,0,0,0,0,0,0,0,0,0,0,0,0,0,0,0,0,0,0,0,0,9,0,0,0,0,0,0,0,0,0,0,0,0,0,0,0,0,0,0,0,0,0,0,0,0,0,0,0,0,0,0,0,0,0,0,0,0,0,0,0,0,0,0,0,0,0,0,0,0,0,0,0,0,0,0,0,0,0,0,0,0,0,0,0,0,0,0,0,0,0,0,0,0,0,0,0,0,0,0,0,0,0,0,0,0,0,0,0,0,0,0,0,0,0,0,0,0,0
28,2/15/20,33,43,72,1,22,4,4,4,5,1,1,16,1,8,3,3,3,1,2,2,1,1,0,0,0,0,0,0,0,0,0,0,0,0,0,0,0,0,0,0,0,0,0,0,0,0,0,0,0,0,0,0,0,0,0,0,0,0,0,0,0,0,0,0,0,0,0,0,0,0,0,0,0,0,0,0,0,0,0,0,0,0,0,0,0,0,0,0,0,0,0,0,3,0,0,0,0,0,0,0,0,0,0,0,0,0,0,0,0,0,0,0,0,0,0,0,0,0,0,0,0,0,0,0,0,0,0,0,0,0,0,0,0,0,0,0,0,0,0,0,0,0,0,0,0,0,0,0,0,0,0,0,0,0,56249,0,28,12,1294,1212,1162,1001,950,913,532,285,604,544,470,425,0,375,326,291,285,235,232,168,162,143,122,128,90,56,119,88,0,70,68,70,18,16,2,18,10,0,0,0,0,0,0,0,1,0,0,0,0,0,0,0,0,0,0,0,0,0,0,0,0,0,0,0,0,0,0,0,0,0,0,0,0,0,0,0,0,0,0,0,0,0,0,0,0,0,0,0,0,0,0,0,0,0,0,0,0,0,0,0,0,0,0,0,0,0,0,0,0,0,0,0,0,0,0,0,0,0,0,0,0,0,0,0,0,0,0,0,0,0,0,0,0,0,0,0,0,0,0,0,0,0,0,0,0,0,0,0,0,0,0,0,0,0,0,2,0,0,0,0,0,0,0,1,0,0,0,0,0,0,1,0,1,0,0,0,0,0,0,0,0,0,0,0,0,0,2,2,1,1,2,0,0,0,0,0,0,0,0,0,0,0,0,0,0,0,0,0,0,0,0,0,0,0,0,0,0,0,0,0,0,0,0,0,0,0,0,0,0,0,0,0,0,0,0,0,0,0,0,0,0,0,0,0,0,9,0,0,0,0,0,0,0,0,0,0,0,0,0,0,0,0,0,0,0,0,0,0,0,0,0,0,0,0,0,0,0,0,0,0,0,0,0,0,0,0,0,0,0,0,0,0,0,0,0,0,0,0,0,0,0,0,0,0,0,0,0,0,0,0,0,0,0,0,0,0,0,0,0,0,0,0,0,0,0,0,0,0,0,0,0,0,0,0,0,0,0,0,0,0,0,0,0
29,2/16/20,34,59,75,1,22,4,4,4,5,1,1,16,1,9,3,3,3,1,2,2,1,1,0,0,0,0,0,0,0,0,0,0,0,0,0,0,0,0,0,0,0,0,0,0,0,0,0,0,0,0,0,0,0,0,0,0,0,0,0,0,0,0,0,0,0,0,0,0,0,0,0,0,0,0,0,0,0,0,0,0,0,0,0,0,0,0,0,0,0,0,0,0,3,0,0,0,0,0,0,0,0,0,0,0,0,0,0,0,0,0,0,0,0,0,0,0,0,0,0,0,0,0,0,0,0,0,0,0,0,0,0,0,0,0,0,0,0,0,0,0,0,0,0,0,0,0,0,0,0,0,0,0,0,0,58182,0,29,12,1316,1231,1167,1004,962,925,537,355,617,551,481,445,0,380,328,300,287,237,236,171,162,144,124,129,90,57,121,89,0,71,70,70,20,16,2,18,10,0,0,0,0,0,0,0,1,0,0,0,0,0,0,0,0,0,0,0,0,0,0,0,0,0,0,0,0,0,0,0,0,0,0,0,0,0,0,0,0,0,0,0,0,0,0,0,0,0,0,0,0,0,0,0,0,0,0,0,0,0,0,0,0,0,0,0,0,0,0,0,0,0,0,0,0,0,0,0,0,0,0,0,0,0,0,0,0,0,0,0,0,0,0,0,0,0,0,0,0,0,0,0,0,0,0,0,0,0,0,0,0,0,0,0,0,0,0,2,0,0,0,0,0,0,0,1,0,0,0,0,0,0,1,0,1,0,0,0,0,0,0,0,0,0,0,0,0,0,2,2,1,1,2,0,0,0,0,0,0,0,0,0,0,0,0,0,0,0,0,0,0,0,0,0,0,0,0,0,0,0,0,0,0,0,0,0,0,0,0,0,0,0,0,0,0,0,0,0,0,0,0,0,0,0,0,0,0,9,0,0,0,0,0,0,0,0,0,0,0,0,0,0,0,0,0,0,0,0,0,0,0,0,0,0,0,0,0,0,0,0,0,0,0,0,0,0,0,0,0,0,0,0,0,0,0,0,0,0,0,0,0,0,0,0,0,0,0,0,0,0,0,0,0,0,0,0,0,0,0,0,0,0,0,0,0,0,0,0,0,0,0,0,0,0,0,0,0,0,0,0,0,0,0,0,0
30,2/17/20,35,66,77,1,22,5,4,4,5,1,1,16,1,9,3,3,3,1,2,2,1,1,0,0,0,0,0,0,0,0,0,0,0,0,0,0,0,0,0,0,0,0,0,0,0,0,0,0,0,0,0,0,0,0,0,0,0,0,0,0,0,0,0,0,0,0,0,0,0,0,0,0,0,0,0,0,0,0,0,0,0,0,0,0,0,0,0,0,0,0,0,0,3,0,0,0,0,0,0,0,0,0,0,0,0,0,0,0,0,0,0,0,0,0,0,0,0,0,0,0,0,0,0,0,0,0,0,0,0,0,0,0,0,0,0,0,0,0,0,0,0,0,0,0,0,0,0,0,0,0,0,0,0,0,59989,0,30,12,1322,1246,1171,1006,973,930,541,454,626,553,495,457,0,381,333,301,290,238,240,171,163,146,125,130,91,60,121,89,0,75,72,70,22,16,2,18,10,0,0,0,0,0,0,0,1,0,0,0,0,0,0,0,0,0,0,0,0,0,0,0,0,0,0,0,0,0,0,0,0,0,0,0,0,0,0,0,0,0,0,0,0,0,0,0,0,0,0,0,0,0,0,0,0,0,0,0,0,0,0,0,0,0,0,0,0,0,0,0,0,0,0,0,0,0,0,0,0,0,0,0,0,0,0,0,0,0,0,0,0,0,0,0,0,0,0,0,0,0,0,0,0,0,0,0,0,0,0,0,0,0,0,0,0,0,0,2,0,0,0,0,0,0,0,1,0,0,0,0,0,0,1,0,1,0,0,0,0,0,0,0,0,0,0,0,0,0,2,2,1,1,2,0,0,0,0,0,0,0,0,0,0,0,0,0,0,0,0,0,0,0,0,0,0,0,0,0,0,0,0,0,0,0,0,0,0,0,0,0,0,0,0,0,0,0,0,0,0,0,0,0,0,0,0,0,0,9,0,0,0,0,0,0,0,0,0,0,0,0,0,0,0,0,0,0,0,0,0,0,0,0,0,0,0,0,0,0,0,0,0,0,0,0,0,0,0,0,0,0,0,0,0,0,0,0,0,0,0,0,0,0,0,0,0,0,0,0,0,0,0,0,0,0,0,0,0,0,0,0,0,0,0,0,0,0,0,0,0,0,0,0,0,0,0,0,0,0,0,0,0,0,0,0,0
31,2/18/20,35,74,81,1,22,5,4,4,5,1,1,16,1,9,3,3,3,1,2,2,1,1,0,0,0,0,0,0,0,0,0,0,0,0,0,0,0,0,0,0,0,0,0,0,0,0,0,0,0,0,0,0,0,0,0,0,0,0,0,0,0,0,0,0,0,0,0,0,0,0,0,0,0,0,0,0,0,0,0,0,0,0,0,0,0,0,0,0,0,0,0,0,3,0,0,0,0,0,0,0,0,0,0,0,0,0,0,0,0,0,0,0,0,0,0,0,0,0,0,0,0,0,0,0,0,0,0,0,0,0,0,0,0,0,0,0,0,0,0,0,0,0,0,0,0,0,0,0,0,0,0,0,0,0,61682,0,31,12,1328,1257,1172,1007,982,933,543,542,629,555,508,464,0,387,333,306,292,242,240,172,163,146,128,131,91,62,121,89,0,76,73,70,22,16,2,18,10,0,0,0,0,0,0,0,1,0,0,0,0,0,0,0,0,0,0,0,0,0,0,0,0,0,0,0,0,0,0,0,0,0,0,0,0,0,0,0,0,0,0,0,0,0,0,0,0,0,0,0,0,0,0,0,0,0,0,0,0,0,0,0,0,0,0,0,0,0,0,0,0,0,0,0,0,0,0,0,0,0,0,0,0,0,0,0,0,0,0,0,0,0,0,0,0,0,0,0,0,0,0,0,0,0,0,0,0,0,0,0,0,0,0,0,0,0,0,2,0,0,0,0,0,0,0,1,0,0,0,0,0,0,1,0,1,0,0,0,0,0,0,0,0,0,0,0,0,0,2,2,1,1,2,0,0,0,0,0,0,0,0,0,0,0,0,0,0,0,0,0,0,0,0,0,0,0,0,0,0,0,0,0,0,0,0,0,0,0,0,0,0,0,0,0,0,0,0,0,0,0,0,0,0,0,0,0,0,9,0,0,0,0,0,0,0,0,0,0,0,0,0,0,0,0,0,0,0,0,0,0,0,0,0,0,0,0,0,0,0,0,0,0,0,0,0,0,0,0,0,0,0,0,0,0,0,0,0,0,0,0,0,0,0,0,0,0,0,0,0,0,0,0,0,0,0,0,0,0,0,0,0,0,0,0,0,0,0,0,0,0,0,0,0,0,0,0,0,0,0,0,0,0,0,0,0
32,2/19/20,35,84,84,1,22,5,4,4,5,1,1,16,1,9,3,3,3,1,2,2,1,1,0,0,0,0,0,0,0,0,0,0,0,0,0,0,0,0,0,0,0,0,0,0,0,0,0,0,0,0,0,0,0,0,0,0,0,0,0,0,0,0,0,0,0,0,0,0,0,0,0,0,0,0,0,0,0,0,0,0,0,0,0,0,0,0,0,0,0,0,0,0,3,0,0,0,0,0,0,0,0,0,0,0,0,0,0,0,0,0,0,0,0,0,0,0,0,0,0,0,0,0,0,0,0,0,0,0,0,0,0,0,0,0,0,0,0,0,0,0,0,0,0,0,0,0,0,0,0,0,0,0,0,0,62031,2,31,12,1331,1262,1174,1008,986,934,544,621,631,560,514,470,0,393,333,306,293,244,242,172,168,146,130,131,91,63,121,90,0,76,75,71,23,16,2,18,10,0,0,0,0,0,0,0,1,0,0,0,0,0,0,0,0,0,0,0,0,0,0,0,0,0,0,0,0,0,0,0,0,0,0,0,0,0,0,0,0,0,0,0,0,0,0,0,0,0,0,0,0,0,0,0,0,0,0,0,0,0,0,0,0,0,0,0,0,0,0,0,0,0,0,0,0,0,0,0,0,0,0,0,0,0,0,0,0,0,0,0,0,0,0,0,0,0,0,0,0,0,0,0,0,0,0,0,0,0,0,0,0,0,0,0,0,0,0,2,0,0,0,0,0,0,0,1,0,0,0,0,0,0,1,0,1,0,0,0,0,0,0,0,0,0,0,0,0,0,2,2,1,1,2,0,0,0,0,0,0,0,0,0,0,0,0,0,0,0,0,0,0,0,0,0,0,0,0,0,0,0,0,0,0,0,0,0,0,0,0,0,0,0,0,0,0,0,0,0,0,0,0,0,0,0,0,0,0,9,0,0,0,0,0,0,0,0,0,0,0,0,0,0,0,0,0,0,0,0,0,0,0,0,0,0,0,0,0,0,0,0,0,0,0,0,0,0,0,0,0,0,0,0,0,0,0,0,0,0,0,0,0,0,0,0,0,0,0,0,0,0,0,0,0,0,0,0,0,0,0,0,0,0,0,0,0,0,0,0,0,0,0,0,0,0,0,0,0,0,0,0,0,0,0,0,0
33,2/20/20,35,94,84,1,22,5,4,4,5,1,1,16,1,9,3,3,3,1,2,2,1,1,0,0,0,0,0,0,0,0,0,0,0,0,0,0,0,0,0,0,0,0,0,0,0,0,0,0,0,0,0,0,0,0,0,0,0,0,0,0,0,0,0,0,0,0,0,0,0,0,0,0,0,0,0,0,0,0,0,0,0,0,0,0,0,0,0,0,0,0,0,0,3,0,0,0,0,0,0,0,0,0,0,0,0,0,0,0,0,0,0,0,0,0,0,0,0,0,0,0,0,0,0,0,0,0,0,0,0,0,0,0,0,0,0,0,0,0,0,0,0,0,0,0,0,0,0,0,0,0,0,0,0,0,62442,5,104,12,1332,1265,1175,1010,987,934,546,634,631,567,520,476,0,395,334,307,293,245,245,174,168,146,131,132,91,68,121,91,0,76,75,71,24,16,2,18,10,0,0,0,0,0,0,0,1,0,0,0,0,0,0,0,0,0,0,0,0,0,0,0,0,0,0,0,0,0,0,0,0,0,0,0,0,0,0,0,0,0,0,0,0,0,0,0,0,0,0,0,0,0,0,0,0,0,0,0,0,0,0,0,0,0,0,0,0,0,0,0,0,0,0,0,0,0,0,0,0,0,0,0,0,0,0,0,0,0,0,0,0,0,0,0,0,0,0,0,0,0,0,0,0,0,0,0,0,0,0,0,0,0,0,0,0,0,0,2,0,0,0,0,0,0,0,1,0,0,0,0,0,0,1,0,1,0,0,0,0,0,0,0,0,0,0,0,0,0,2,2,1,1,2,0,0,0,0,0,0,0,0,0,0,0,0,0,0,0,0,0,0,0,0,0,0,0,0,0,0,0,0,0,0,0,0,0,0,0,0,0,0,0,0,0,0,0,0,0,0,0,0,0,0,0,0,0,0,9,0,0,0,0,0,0,0,0,0,0,0,0,0,0,0,0,0,0,0,0,0,0,0,0,0,0,0,0,0,0,0,0,0,0,0,0,0,0,0,0,0,0,0,0,0,0,0,0,0,0,0,0,0,0,0,0,0,0,0,0,0,0,0,0,0,0,0,0,0,0,0,0,0,0,0,0,0,0,0,0,0,0,0,0,0,0,0,0,0,0,0,0,0,0,0,0,0
34,2/21/20,35,105,85,1,22,6,4,4,5,1,1,16,1,9,3,3,20,1,2,2,1,1,4,1,0,0,0,0,0,0,0,0,0,1,0,0,0,0,0,0,0,0,0,0,0,0,0,0,0,0,0,0,0,0,0,0,0,0,0,0,0,0,0,0,0,0,0,0,0,0,0,0,0,0,0,0,0,0,0,0,0,0,0,0,0,0,0,0,0,0,0,0,3,0,0,0,0,0,0,0,0,0,0,0,0,0,0,0,0,0,0,0,0,0,0,0,0,0,0,0,0,0,0,0,0,0,0,0,0,0,0,0,0,0,0,0,0,0,0,0,0,0,0,0,0,0,0,0,0,0,0,0,0,0,62662,18,204,12,1333,1267,1203,1011,988,934,749,634,631,572,525,479,0,396,334,308,293,246,245,174,168,146,132,132,91,68,121,91,0,76,75,71,26,16,2,18,10,0,0,0,0,0,0,0,1,0,0,0,0,0,0,0,0,0,0,0,0,0,0,0,0,0,0,0,0,0,0,0,0,0,0,0,0,0,0,0,0,0,0,0,0,0,0,0,0,0,0,0,0,0,0,0,0,0,0,0,0,0,0,0,0,0,0,0,0,0,0,0,0,0,0,0,0,0,0,0,0,0,0,0,0,0,0,0,0,0,0,0,0,0,0,0,0,0,0,0,0,0,0,0,0,0,0,0,0,0,0,0,0,0,0,0,0,0,0,2,0,0,0,0,0,0,0,1,0,0,0,0,0,0,1,0,1,0,0,0,0,0,0,0,0,0,0,0,1,1,2,2,1,1,2,0,0,0,0,0,0,0,0,0,0,0,0,0,0,0,0,0,0,0,0,0,0,0,0,0,0,0,0,0,0,0,0,0,0,0,0,0,0,0,0,0,0,0,0,0,0,0,0,0,0,0,0,0,0,9,0,0,0,0,0,0,0,0,0,0,0,0,0,0,0,0,0,0,0,0,0,0,0,0,0,0,0,0,0,0,0,0,0,0,0,0,0,0,0,0,0,0,0,0,0,0,0,0,0,0,0,0,0,0,0,0,0,0,0,0,0,0,0,0,0,0,0,0,0,0,0,0,0,0,0,0,0,0,0,0,0,0,0,0,0,0,0,0,0,0,0,0,0,0,0,0,0
35,2/22/20,35,122,85,1,22,6,4,4,5,1,1,16,1,13,3,3,62,1,2,2,1,1,7,1,0,0,0,0,0,0,0,0,0,1,0,0,0,0,0,0,0,0,0,0,0,0,0,0,0,0,0,0,0,0,0,0,0,0,0,0,0,0,0,0,0,0,0,0,0,0,0,0,0,0,0,0,0,0,0,0,0,0,0,0,0,0,0,0,0,0,0,0,3,0,0,0,0,0,0,0,0,0,0,0,0,0,0,0,0,0,0,0,0,0,0,0,0,0,0,0,0,0,0,0,0,0,0,0,0,0,0,0,0,0,0,0,0,0,0,0,0,0,0,0,0,0,0,0,0,0,0,0,0,0,64084,28,433,12,1339,1270,1205,1013,989,934,750,634,631,573,526,479,0,399,335,309,293,249,245,174,168,146,135,132,91,69,121,91,0,76,75,71,26,16,2,18,10,0,0,0,0,0,0,0,1,0,0,0,0,0,0,0,0,0,0,0,0,0,0,0,0,0,0,0,0,0,0,0,0,0,0,0,0,0,0,0,0,0,0,0,0,0,0,0,0,0,0,0,0,0,0,0,0,0,0,0,0,0,0,0,0,0,0,0,0,0,0,0,0,0,0,0,0,0,0,0,0,0,0,0,0,0,0,0,0,0,0,0,0,0,0,0,0,0,0,0,0,0,0,0,0,0,0,0,0,0,0,0,0,0,0,0,0,0,0,2,0,0,0,0,0,0,0,1,0,0,0,0,0,0,1,0,1,0,0,0,0,0,0,0,0,0,0,0,1,1,2,2,1,1,2,0,0,0,0,0,0,0,0,0,0,0,0,0,0,0,0,0,0,0,0,0,0,0,0,0,0,0,0,0,0,0,0,0,0,0,0,0,0,0,0,0,0,0,0,0,0,0,0,0,0,0,0,0,0,9,0,0,0,0,0,0,0,0,0,0,0,0,0,0,0,0,0,0,0,0,0,0,0,0,0,0,0,0,0,0,0,0,0,0,0,0,0,0,0,0,0,0,0,0,0,0,0,0,0,0,0,0,0,0,0,0,0,0,0,0,0,0,0,0,0,0,0,0,0,0,0,0,0,0,0,0,0,0,0,0,0,0,0,0,0,0,0,0,0,0,0,0,0,0,0,0,0
36,2/23/20,35,147,89,1,22,6,4,4,5,1,1,16,1,13,3,3,155,1,2,2,1,1,7,1,0,0,0,0,0,0,0,0,0,1,0,0,0,0,0,0,0,0,0,0,0,0,0,0,0,0,0,0,0,0,0,0,0,0,0,0,0,0,0,0,0,0,0,0,0,0,0,0,0,0,0,0,0,0,0,0,0,0,0,0,0,0,0,0,0,0,0,0,3,0,0,0,0,0,0,0,0,0,0,0,0,0,0,0,0,0,0,0,0,0,0,0,0,0,0,0,0,0,0,0,0,0,0,0,0,0,0,0,0,0,0,0,0,0,0,0,0,0,0,0,0,0,0,0,0,0,0,0,0,0,64084,43,602,12,1342,1271,1205,1016,989,934,754,691,631,575,526,480,0,399,335,311,293,249,245,174,168,146,135,132,91,74,121,91,0,76,75,71,28,16,2,18,10,0,0,0,0,0,0,0,1,0,0,0,0,0,0,0,0,0,0,0,0,0,0,0,0,0,0,0,0,0,0,0,0,0,0,0,0,0,0,0,0,0,0,0,0,0,0,0,0,0,0,0,0,0,0,0,0,0,0,0,0,0,0,0,0,0,0,0,0,0,0,0,0,0,0,0,0,0,0,0,0,0,0,0,0,0,0,0,0,0,0,0,0,0,0,0,0,0,0,0,0,0,0,0,0,0,0,0,0,0,0,0,0,0,0,0,0,0,0,2,0,0,0,0,0,0,0,1,0,0,0,0,0,0,1,0,1,0,0,0,0,0,0,0,0,0,0,0,1,1,2,2,1,1,2,0,0,0,0,0,0,0,0,0,0,0,0,0,0,0,0,0,0,0,0,0,0,0,0,0,0,0,0,0,0,0,0,0,0,0,0,0,0,0,0,0,0,0,0,0,0,0,0,0,0,0,0,0,0,9,0,0,0,0,0,0,0,0,0,0,0,0,0,0,0,0,0,0,0,0,0,0,0,0,0,0,0,0,0,0,0,0,0,0,0,0,0,0,0,0,0,0,0,0,0,0,0,0,0,0,0,0,0,0,0,0,0,0,0,0,0,0,0,0,0,0,0,0,0,0,0,0,0,0,0,0,0,0,0,0,0,0,0,0,0,0,0,0,0,0,0,0,0,0,0,0,0
37,2/24/20,35,159,89,1,22,6,4,4,5,1,1,16,1,13,3,3,229,1,2,2,1,1,7,1,1,2,1,1,1,0,0,0,0,1,0,0,0,0,0,0,0,0,0,0,0,0,0,0,0,0,0,0,0,0,0,0,0,0,0,0,0,0,0,0,0,0,0,0,0,0,0,0,0,0,0,0,0,0,0,0,0,0,0,0,0,0,0,0,0,0,0,0,4,0,0,0,0,0,0,0,0,0,36,0,0,0,0,0,0,0,0,0,0,0,0,0,0,0,0,0,0,0,0,0,0,0,0,0,0,0,0,0,0,0,0,0,0,0,0,0,0,0,0,0,0,0,0,0,0,0,0,0,0,0,64287,61,833,12,1345,1271,1205,1016,989,934,755,691,631,576,527,480,0,399,335,311,293,251,245,174,168,146,135,133,91,79,121,93,0,76,75,71,30,16,2,18,10,0,0,0,0,0,0,0,1,0,0,0,0,0,0,0,0,0,0,0,0,0,0,0,0,0,0,0,0,0,0,0,0,0,0,0,0,0,0,0,0,0,0,0,0,0,0,0,0,0,0,0,0,0,0,0,0,0,0,0,0,0,0,0,0,0,0,0,0,0,0,0,0,0,0,0,0,0,0,0,0,0,0,0,0,0,0,0,0,0,0,0,0,0,0,0,0,0,0,0,0,0,0,0,0,0,0,0,0,0,0,0,0,0,0,0,0,0,0,2,0,0,0,0,0,0,0,1,0,0,0,0,0,0,1,0,1,0,0,0,0,0,0,0,0,0,0,0,1,1,2,2,1,1,2,0,0,0,0,0,0,0,0,0,0,0,0,0,0,0,0,0,0,0,0,0,0,0,0,0,0,0,0,0,0,0,0,0,0,0,0,0,0,0,0,0,0,0,0,0,0,0,0,0,0,0,0,0,0,13,0,0,0,0,0,0,0,0,0,0,0,0,0,0,0,0,0,0,0,0,0,0,0,0,0,0,0,0,0,0,0,0,0,0,0,0,0,0,0,0,0,0,0,0,0,0,0,0,0,0,0,0,0,0,0,0,0,0,0,0,0,0,0,0,0,0,0,0,0,0,0,0,0,0,0,0,0,0,0,0,0,0,0,0,0,0,0,0,0,0,0,0,0,0,0,0,0
38,2/25/20,37,170,91,1,22,7,4,4,5,1,1,17,1,13,3,3,322,1,6,2,1,1,7,1,1,2,1,23,11,1,1,1,2,1,0,0,0,0,0,0,0,0,0,0,0,0,0,0,0,0,0,0,0,0,0,0,0,0,0,0,0,0,0,0,0,0,0,0,0,0,0,0,0,0,0,0,0,0,0,0,0,0,0,0,0,0,0,0,0,0,0,0,4,0,0,0,0,0,0,0,0,0,36,0,0,0,0,0,0,0,0,0,0,0,0,0,0,0,0,0,0,0,0,0,0,0,0,0,0,0,0,0,0,0,0,0,0,0,0,0,0,0,0,0,0,0,0,0,0,0,0,0,0,0,64786,95,977,14,1347,1271,1205,1016,989,934,756,691,631,576,529,480,0,400,336,311,294,252,245,174,168,146,135,133,91,84,121,93,0,76,75,71,31,16,2,18,10,0,0,0,0,0,0,0,1,0,0,0,0,0,0,0,0,0,0,0,0,0,0,0,0,0,0,0,0,0,0,0,0,0,0,0,0,0,0,0,0,0,0,0,0,0,0,0,0,0,0,0,0,0,0,0,0,0,0,0,0,0,0,0,0,0,0,0,0,0,0,0,0,0,0,0,0,0,0,0,0,0,0,0,0,0,0,0,0,0,0,0,0,0,0,0,0,0,0,0,0,0,0,0,0,0,0,0,0,0,0,0,0,0,0,0,0,0,0,2,0,0,0,0,0,0,0,1,0,0,0,0,0,0,1,0,1,0,0,0,0,0,0,0,0,0,0,0,1,1,2,2,1,1,2,0,0,0,0,0,0,0,0,0,0,0,0,0,0,0,0,0,0,0,0,0,0,0,0,0,0,0,0,0,0,0,0,0,0,0,0,0,0,0,0,0,0,0,0,0,0,0,0,0,0,0,0,0,0,13,0,0,0,0,0,0,0,0,0,0,0,0,0,0,0,0,0,0,0,0,0,0,0,0,0,0,0,0,0,0,0,0,0,0,0,0,0,0,0,0,0,0,0,0,0,0,0,0,0,0,0,0,0,0,0,0,0,0,0,0,0,0,0,0,0,0,0,0,0,0,0,0,0,0,0,0,0,0,0,0,0,0,0,0,0,0,0,0,0,0,0,0,0,0,0,0,0
39,2/26/20,40,189,93,1,22,7,4,4,5,1,1,27,2,13,3,3,453,2,13,2,1,1,7,2,5,4,1,33,26,1,3,1,2,2,2,1,1,1,1,1,1,0,0,0,0,0,0,0,0,0,0,0,0,0,0,0,0,0,0,0,0,0,0,0,0,0,0,0,0,0,0,0,0,0,0,0,0,0,0,0,0,0,0,0,0,0,0,0,0,0,0,0,4,0,0,0,0,0,0,0,0,0,42,0,0,0,0,0,0,0,0,0,0,0,0,0,0,0,0,0,0,0,0,0,0,0,0,0,0,0,0,0,0,0,0,0,0,0,0,0,0,0,0,0,0,0,0,0,0,0,0,0,0,0,65187,139,1261,18,1347,1271,1205,1016,989,934,756,705,631,576,531,480,0,400,337,312,294,252,245,174,168,146,135,133,91,91,121,93,0,76,75,71,32,16,2,18,10,0,0,0,0,0,0,0,1,0,0,0,0,0,0,0,0,0,0,0,0,0,0,0,0,0,0,0,0,0,0,0,0,0,0,0,0,0,0,0,0,0,0,0,0,0,0,0,0,0,0,0,0,0,0,0,0,0,0,0,0,0,0,0,0,0,0,0,0,0,0,0,0,0,0,0,0,0,0,0,0,0,0,0,0,0,0,0,0,0,0,0,0,0,0,0,0,0,0,0,0,0,0,0,0,0,0,0,0,0,0,0,0,0,0,0,0,0,0,2,0,0,0,0,0,0,0,1,0,0,0,0,0,0,1,0,1,0,0,0,0,0,0,0,0,0,0,0,1,1,2,2,1,1,2,0,0,0,0,0,0,0,0,0,0,0,0,0,0,0,0,0,0,0,0,0,0,0,0,0,0,0,0,0,0,0,0,0,0,0,0,0,0,0,0,0,0,0,0,0,0,0,0,0,0,0,0,0,0,13,0,0,0,0,0,0,0,0,0,0,0,0,0,0,0,0,0,0,0,0,0,0,0,0,0,0,0,0,0,0,0,0,0,0,0,0,0,0,0,0,0,0,0,0,0,0,0,0,0,0,0,0,0,0,0,0,0,0,0,0,0,0,0,0,0,0,0,0,0,0,0,0,0,0,0,0,0,0,0,0,0,0,0,0,0,0,0,0,0,0,0,0,0,0,0,0,0
40,2/27/20,40,214,93,1,23,7,4,4,5,1,1,46,2,13,3,3,655,7,15,2,1,1,8,2,7,4,1,33,43,1,3,8,3,3,2,1,1,3,1,1,1,1,1,0,0,0,0,0,0,0,0,0,0,0,0,0,0,0,0,0,0,0,0,0,0,0,0,0,0,0,0,0,0,0,0,0,0,0,0,0,0,0,0,0,0,0,0,0,0,0,0,0,6,0,0,0,0,0,0,0,0,0,42,0,0,0,0,0,0,0,0,0,0,0,0,0,0,0,0,0,0,0,0,0,0,0,0,0,0,0,0,0,0,0,0,0,0,0,0,0,0,0,0,0,0,0,0,0,0,0,0,0,0,0,65596,245,1766,38,1347,1272,1205,1017,989,934,756,705,631,576,534,480,1,410,337,317,296,252,245,174,168,146,136,133,91,92,121,93,0,76,75,72,32,16,2,18,10,0,0,0,0,0,0,0,1,0,0,0,0,0,0,0,0,0,0,0,0,0,0,0,0,0,0,0,0,0,0,0,0,0,0,0,0,0,0,0,0,0,0,0,0,0,0,0,0,0,0,0,0,0,0,0,0,0,0,0,0,0,0,0,0,0,0,0,0,0,0,0,0,0,0,0,0,0,0,0,0,0,0,0,0,0,0,0,0,0,0,0,0,0,0,0,0,0,0,0,0,0,0,0,0,0,0,0,0,0,0,0,0,0,0,0,0,0,0,2,0,0,0,0,0,0,0,1,0,0,0,0,0,0,1,0,1,0,0,0,0,0,0,0,0,0,0,0,1,2,2,2,1,1,2,0,0,0,0,0,0,0,0,0,0,0,0,0,0,0,0,0,0,0,0,0,0,0,0,0,0,0,0,0,0,0,0,0,0,0,0,0,0,0,0,0,0,0,0,0,0,0,0,0,0,0,0,0,0,15,0,0,0,0,0,0,0,0,0,0,0,0,0,0,0,0,0,0,0,0,0,0,0,0,0,0,0,0,0,0,0,0,0,0,0,0,1,0,0,0,0,0,0,0,0,0,0,0,0,0,0,0,0,0,0,0,0,0,0,0,0,0,0,0,0,0,0,0,0,0,0,0,0,0,0,0,0,0,0,0,0,0,0,0,0,0,0,0,0,0,0,0,0,0,0,0,0
41,2/28/20,41,228,93,1,23,7,4,4,5,1,1,48,2,19,3,3,888,7,32,2,1,1,8,2,7,4,1,36,45,1,5,8,3,4,2,1,1,4,1,6,3,1,1,1,1,1,1,1,1,0,0,0,0,0,0,0,0,0,0,0,0,0,0,0,0,0,0,0,0,0,0,0,0,0,0,0,0,0,0,0,0,0,0,0,0,0,0,0,0,0,0,0,6,0,1,0,0,0,0,0,0,0,44,0,0,0,0,0,0,0,0,0,0,0,0,0,0,0,0,0,0,0,0,0,0,0,0,0,0,0,0,0,0,0,0,0,0,0,0,0,0,0,0,0,0,0,0,0,0,0,0,0,0,0,65914,388,2337,57,1348,1272,1205,1017,990,935,756,705,631,576,538,480,1,410,337,318,296,252,245,174,168,146,136,133,91,94,121,93,0,76,75,72,34,16,2,18,10,0,0,0,0,0,0,0,1,0,0,0,0,0,0,0,0,0,0,0,0,0,0,0,0,0,0,0,0,0,0,0,0,0,0,0,0,0,0,0,0,0,0,0,0,0,0,0,0,0,0,0,0,0,0,0,0,0,0,0,0,0,0,0,0,0,0,0,0,0,0,0,0,0,0,0,0,0,0,0,0,0,0,0,0,0,0,0,0,0,0,0,0,0,0,0,0,0,0,0,0,0,0,0,0,0,0,0,0,0,0,0,0,0,0,0,0,0,0,2,0,0,0,0,0,0,0,1,0,0,0,0,0,0,1,0,1,0,0,0,0,0,0,0,0,0,0,0,1,2,2,2,1,1,2,0,0,0,0,0,0,0,0,0,0,0,0,0,0,0,0,0,0,0,0,0,0,0,0,0,0,0,0,0,0,0,0,0,0,0,0,0,0,0,0,0,0,0,0,0,0,0,0,0,0,0,0,0,0,20,0,0,0,0,0,0,0,0,0,0,0,0,0,0,0,0,0,0,0,0,0,0,0,0,0,0,0,0,0,0,0,0,0,0,0,0,1,0,0,0,0,0,0,0,0,0,0,0,0,0,0,0,0,0,0,0,0,0,0,0,0,0,0,0,0,0,0,0,0,0,0,0,0,0,0,0,0,0,0,0,0,0,0,0,0,0,0,0,0,0,0,0,0,0,0,0,0
42,2/29/20,42,241,102,1,25,8,4,7,9,1,1,79,3,21,3,3,1128,12,45,3,1,1,0,4,13,6,1,41,45,1,6,18,9,7,4,2,1,4,1,15,3,1,1,1,1,1,4,1,1,2,1,1,1,1,0,0,0,0,0,0,0,0,0,0,0,0,0,0,0,0,0,0,0,0,0,0,0,0,0,0,0,0,0,0,0,0,0,0,0,0,0,0,11,0,1,0,0,0,0,0,0,0,44,0,0,0,0,0,0,0,0,0,0,0,0,0,0,0,0,0,0,0,0,0,0,0,0,0,0,0,0,0,0,0,0,0,0,0,0,0,0,0,0,0,0,0,0,0,0,0,0,0,0,0,66337,593,3150,100,1349,1272,1205,1018,990,935,756,705,631,576,538,480,3,411,337,318,296,252,245,174,168,146,136,133,91,95,121,93,0,76,75,73,39,16,2,18,10,0,0,0,0,0,0,0,1,0,0,0,0,0,0,0,0,0,0,0,0,0,0,0,0,0,0,0,0,0,0,0,0,0,0,0,0,0,0,0,0,0,0,0,0,0,0,0,0,0,0,0,0,0,0,0,0,0,0,0,0,0,0,0,0,0,0,0,0,0,0,0,0,0,0,0,0,0,0,0,0,0,0,0,0,0,0,0,0,0,0,0,0,0,0,0,0,0,0,0,0,0,0,0,0,0,0,0,0,0,0,0,0,0,0,0,0,0,0,3,0,0,0,0,0,0,0,1,0,0,0,0,0,0,1,0,1,0,0,0,0,0,0,0,0,0,1,1,1,2,2,2,1,6,2,0,0,0,0,0,0,0,0,0,0,0,0,0,0,0,0,0,0,0,0,0,0,0,0,0,0,0,0,0,0,0,0,0,0,0,0,0,0,0,0,0,0,0,0,0,0,0,0,0,0,0,0,0,0,23,0,0,0,0,0,0,0,0,0,0,0,0,0,0,0,0,0,0,0,0,0,0,0,0,0,0,0,0,0,0,0,0,0,0,0,0,6,0,0,0,0,0,0,0,0,0,0,0,0,0,0,0,0,0,0,0,0,0,0,0,0,0,0,0,0,0,0,0,0,0,0,0,0,0,0,0,0,0,0,0,0,0,0,0,0,0,0,0,0,0,0,0,0,0,0,0,0
43,3/1/20,42,256,106,1,29,8,6,7,9,1,1,130,6,21,3,3,1694,14,84,3,2,2,0,10,19,6,1,47,45,1,7,27,14,10,4,2,3,7,1,19,3,1,1,1,3,1,5,1,1,2,1,1,1,3,6,3,1,1,0,0,0,0,0,0,0,0,0,0,0,0,0,0,0,0,0,0,0,0,0,0,0,0,0,0,0,0,0,0,0,0,0,0,15,0,1,0,0,0,0,0,0,0,44,0,0,0,0,0,0,0,0,0,0,0,0,0,0,0,0,0,0,0,0,0,0,0,0,0,0,0,0,0,0,0,0,0,0,0,0,0,0,0,0,0,0,0,0,0,0,0,0,0,0,0,66907,978,3736,130,1349,1272,1205,1018,990,935,758,705,631,576,538,480,4,413,337,318,296,252,245,174,168,146,136,133,91,96,122,93,3,76,75,73,40,16,2,18,10,0,0,0,0,0,0,0,1,0,0,0,0,0,0,0,0,0,0,0,0,0,0,0,0,0,0,0,0,0,0,0,0,0,0,0,0,0,0,0,0,0,0,0,0,0,0,0,0,0,0,0,0,0,0,0,0,0,0,0,0,0,0,0,0,0,0,0,0,0,0,0,0,0,0,0,0,0,0,0,0,0,0,0,0,0,0,0,0,0,0,0,0,0,0,0,0,0,0,0,0,0,0,0,0,0,0,1,0,0,0,0,0,0,0,0,0,0,0,3,0,0,0,0,0,0,0,1,0,0,0,0,0,0,1,0,1,0,0,0,0,0,0,0,0,0,1,2,1,2,2,2,1,9,3,0,0,0,0,0,0,0,0,0,0,0,0,0,0,0,0,0,0,0,0,0,0,0,0,0,0,0,0,0,0,0,0,0,0,0,0,0,0,0,0,0,0,0,0,0,0,0,0,0,0,0,0,0,0,36,0,0,0,0,0,0,0,0,0,0,0,0,0,0,0,0,0,0,0,0,0,0,0,0,0,0,0,0,0,0,0,0,0,0,0,0,10,0,0,0,0,0,0,0,0,0,0,0,0,0,0,0,0,0,0,0,0,0,0,0,0,0,0,0,0,0,0,0,0,0,0,0,0,0,0,0,0,0,0,0,0,0,0,0,0,0,0,0,0,0,0,0,0,0,0,0,0
44,3/2/20,43,274,108,1,29,8,6,9,9,1,1,159,6,21,3,5,2036,15,120,3,8,2,0,13,26,6,1,49,56,3,7,42,18,10,4,2,3,7,1,25,3,1,8,1,6,1,5,1,1,2,1,1,1,3,6,3,1,1,2,2,1,1,1,1,1,1,0,0,0,0,0,0,0,0,0,0,0,0,0,0,0,0,0,0,0,0,0,0,0,0,0,0,18,0,1,0,0,0,0,0,0,0,45,0,0,0,0,0,0,0,0,0,0,0,0,0,0,0,0,0,0,0,0,0,0,0,0,0,0,0,0,0,0,0,0,0,0,0,0,0,0,0,0,0,0,0,0,0,0,0,0,0,0,0,67103,1501,4335,191,1350,1272,1206,1018,990,935,758,705,631,576,538,480,4,414,337,318,296,252,245,174,168,146,136,133,91,100,122,93,3,76,75,74,41,16,3,18,10,0,0,0,0,0,0,0,1,0,0,0,0,0,0,0,0,0,0,0,0,0,0,0,0,0,0,0,0,0,0,0,0,0,0,0,0,0,0,0,0,0,0,0,0,0,0,0,0,0,0,0,0,0,0,0,0,0,0,0,0,0,0,0,0,0,0,0,0,0,0,0,0,0,0,0,0,0,0,0,0,0,0,0,0,0,0,0,0,0,0,0,0,0,0,0,0,0,0,0,0,0,0,0,0,0,0,2,0,0,0,0,0,0,0,0,0,0,0,9,0,0,0,0,0,1,0,1,0,0,0,0,0,0,1,0,1,0,0,1,1,1,1,1,1,0,2,4,1,2,2,2,1,14,4,0,0,0,0,0,0,0,0,0,0,0,0,0,0,0,0,0,0,0,0,0,0,0,0,0,0,0,0,0,0,0,0,0,0,0,0,0,0,0,0,0,0,0,0,0,0,0,0,0,0,0,0,0,0,40,0,0,0,0,0,0,0,0,0,0,0,0,0,0,0,0,0,0,0,0,0,0,0,0,0,0,0,0,0,0,0,0,0,0,0,0,18,0,0,0,0,0,0,0,0,0,0,0,0,0,0,0,0,0,0,0,0,0,0,0,0,0,0,0,0,0,0,0,0,0,0,0,0,0,0,0,0,0,0,0,0,0,0,0,0,0,0,0,0,0,0,0,0,0,0,0,0
45,3/3/20,43,293,110,1,36,9,13,9,11,1,1,196,6,27,3,5,2502,21,165,3,13,2,0,13,32,12,1,49,56,5,9,56,21,12,5,2,3,7,1,32,3,2,10,1,11,1,5,1,1,2,2,1,1,7,7,3,1,1,2,2,1,1,1,1,1,2,1,1,1,1,0,0,0,0,0,0,0,0,0,0,0,0,0,0,0,0,0,0,0,0,0,0,20,0,1,0,0,0,0,0,0,0,45,0,0,0,0,0,0,0,0,0,0,0,0,0,0,0,0,0,0,0,0,0,0,0,0,0,0,0,0,0,0,0,0,0,0,0,0,0,0,0,0,0,0,0,0,0,0,0,0,0,0,0,67217,2336,5186,204,1350,1272,1213,1018,990,935,758,706,631,576,538,480,6,414,338,318,296,252,245,174,168,146,136,133,91,100,125,93,5,76,75,74,42,16,3,18,10,0,0,0,0,0,0,0,1,0,0,0,0,0,0,0,0,0,0,0,0,0,0,0,0,0,0,0,0,0,0,0,0,0,0,0,0,0,0,0,0,0,0,0,0,0,0,0,0,0,0,0,0,0,0,0,0,0,0,0,0,0,0,0,0,0,0,0,0,0,0,0,0,0,0,0,0,0,0,0,0,0,0,0,0,0,0,1,0,0,0,0,0,0,0,0,0,0,0,0,0,0,0,0,0,0,0,2,0,0,0,0,0,0,0,0,0,0,0,11,0,0,0,0,0,1,0,1,0,0,0,0,0,0,1,1,1,1,1,2,2,1,2,1,1,2,2,6,1,2,2,2,1,21,4,0,0,0,0,0,0,0,0,0,0,0,0,0,0,0,0,0,0,0,0,0,0,0,0,0,0,0,0,0,0,0,0,0,0,0,0,0,0,0,0,0,0,0,0,0,0,0,0,0,0,0,0,0,0,51,0,0,0,0,0,0,0,0,0,0,0,0,0,0,0,0,0,0,0,0,0,0,0,0,0,0,0,0,0,0,0,0,0,0,0,0,24,0,0,0,0,0,0,0,0,0,0,0,0,0,0,0,0,0,0,0,0,0,0,0,0,0,0,0,0,0,0,0,0,0,0,0,0,0,0,0,0,0,0,0,0,0,0,0,0,0,0,0,0,0,0,0,0,0,0,0,0
46,3/4/20,43,331,110,1,50,12,22,10,11,1,1,262,6,27,3,28,3089,35,222,5,23,2,0,13,35,15,1,52,56,12,10,90,29,15,5,4,3,9,1,56,4,2,16,6,26,1,5,3,1,2,6,1,1,8,10,3,1,1,2,5,1,1,1,1,1,4,1,1,1,1,2,1,1,1,1,0,0,0,0,0,0,0,0,0,0,0,0,0,0,0,0,0,20,0,1,0,0,0,0,0,0,0,45,0,0,0,0,0,0,0,0,0,0,0,0,0,0,0,0,0,0,0,0,0,0,0,0,0,0,0,0,0,0,0,0,0,0,0,0,0,0,0,0,0,0,0,0,0,0,0,0,0,0,0,67332,2922,5621,285,1350,1272,1213,1018,990,935,758,706,631,576,538,480,10,418,338,318,296,252,245,174,168,146,136,133,91,105,125,93,8,76,75,75,42,16,3,18,10,0,0,1,0,0,0,0,1,0,0,3,0,0,1,0,0,0,0,0,0,0,0,0,0,0,0,0,0,0,0,0,0,0,0,0,0,0,0,0,0,0,0,0,0,0,0,0,0,0,0,0,0,0,0,0,0,0,0,0,0,0,0,0,0,0,0,0,0,0,0,0,0,0,0,0,0,0,0,0,0,0,0,0,0,0,0,1,0,0,0,0,0,0,0,0,0,0,0,0,0,0,0,0,0,0,0,2,0,0,0,0,0,0,0,0,0,0,0,11,0,0,0,0,0,1,0,1,0,0,0,0,0,1,3,1,1,1,10,2,2,2,2,1,1,2,2,8,1,2,2,2,7,31,4,0,0,0,0,0,0,0,0,0,0,0,0,0,0,0,0,0,0,0,0,0,0,0,0,0,0,0,0,0,0,0,0,0,0,0,0,0,0,0,0,0,0,0,0,0,0,0,0,0,0,0,0,0,0,85,0,0,0,0,0,0,0,0,0,0,0,0,0,0,0,0,0,0,0,0,0,0,0,0,0,0,0,0,0,0,0,0,0,0,0,0,38,0,0,0,0,0,0,0,0,0,0,0,0,0,0,0,0,0,0,0,0,0,0,0,0,0,0,0,0,0,0,0,0,0,0,0,0,0,0,0,0,0,0,0,0,0,0,0,0,0,0,0,0,0,0,0,0,0,0,0,0
47,3/5/20,47,360,117,1,50,13,22,10,13,1,1,482,12,29,3,30,3858,94,259,5,50,3,0,16,35,16,1,55,58,12,10,114,41,20,5,4,4,31,1,87,6,3,21,6,34,1,5,3,1,3,6,1,1,8,13,6,1,1,2,8,1,1,1,2,5,4,1,4,1,1,2,1,1,1,1,2,2,1,0,0,0,0,0,0,0,0,0,0,0,0,0,0,22,0,2,0,0,0,0,0,0,0,45,0,0,0,0,0,0,0,0,0,0,0,0,0,0,0,0,0,0,0,0,0,0,0,0,0,0,0,0,0,0,0,0,0,0,0,0,0,0,0,0,0,0,0,0,0,0,0,0,0,0,0,67466,3513,6088,377,1351,1272,1215,1018,990,935,758,706,631,576,539,481,10,418,339,318,296,252,245,174,168,146,136,133,102,105,125,93,12,76,75,75,44,16,4,18,10,0,0,1,0,0,0,0,1,0,0,3,0,0,1,0,0,0,0,0,0,0,0,0,0,0,0,0,0,0,0,0,0,0,0,0,0,0,0,0,0,0,0,0,0,0,0,0,0,0,0,0,0,0,0,0,0,0,0,0,0,0,0,0,0,0,0,0,0,0,0,0,0,0,0,0,0,0,0,0,0,0,0,0,0,0,0,1,0,0,0,0,0,0,0,0,0,0,0,0,0,0,0,0,0,0,0,2,0,0,0,0,0,0,1,0,0,0,0,20,1,1,1,1,1,4,0,1,0,0,2,2,2,1,3,1,1,1,18,2,2,2,2,1,1,2,2,18,1,2,3,2,11,51,5,0,0,0,0,0,0,0,0,0,0,0,0,0,0,0,0,0,0,0,0,0,0,0,0,0,0,0,0,0,0,0,0,0,0,0,0,0,0,0,0,0,0,0,0,0,0,0,0,0,0,0,0,0,0,115,0,0,0,0,0,0,0,0,0,0,0,0,0,0,0,0,0,0,0,0,0,0,0,0,0,0,0,0,0,0,0,0,0,0,0,0,82,0,0,0,0,0,0,0,0,0,0,0,0,0,0,0,0,0,0,0,0,0,0,0,0,0,0,0,0,0,0,0,0,0,0,0,0,0,0,0,0,0,0,0,0,0,0,0,0,0,0,0,0,0,0,0,0,0,0,0,0
48,3/6/20,48,420,130,1,83,21,26,10,13,1,1,670,15,29,5,31,4636,101,400,7,109,15,0,22,40,16,1,60,58,17,11,214,55,37,6,13,4,45,3,108,9,10,21,6,43,1,6,4,1,3,18,2,1,8,13,6,1,2,4,13,1,1,1,2,5,4,2,4,1,1,2,0,1,5,1,2,7,1,1,1,1,1,1,1,1,1,0,0,0,0,0,0,25,1,2,0,0,0,0,0,0,0,45,0,0,0,0,0,0,0,0,0,0,0,0,0,0,0,0,0,0,0,0,0,0,0,0,0,0,0,0,0,0,0,1,0,0,0,0,0,0,0,0,0,0,0,0,0,0,0,0,0,0,0,67592,4747,6593,653,1352,1272,1215,1018,990,935,758,696,631,576,539,481,23,422,342,318,296,252,245,174,168,146,136,133,119,107,125,93,18,76,75,75,45,16,13,18,10,0,0,1,0,0,0,0,1,0,0,3,0,0,1,0,0,0,0,0,0,0,0,0,0,0,0,0,0,0,0,0,0,0,0,0,0,0,0,0,0,0,0,0,0,0,0,0,0,0,0,0,0,0,0,0,0,0,0,0,0,0,0,0,0,0,0,0,0,0,0,0,0,0,0,0,1,0,0,0,0,0,0,0,0,0,0,1,0,0,0,0,0,0,0,0,0,0,0,0,0,0,0,0,0,0,0,2,1,1,1,1,1,1,1,1,1,1,1,20,1,1,1,1,1,11,3,3,2,1,2,3,2,3,3,2,2,1,19,2,2,5,2,1,1,2,2,19,1,2,3,2,13,58,5,0,0,0,0,0,0,0,0,0,0,0,0,0,0,0,0,0,0,0,0,0,0,0,0,0,0,0,0,0,0,0,0,0,0,0,0,0,0,0,0,0,0,0,0,0,0,0,0,0,0,0,0,0,0,163,0,0,0,0,0,0,0,0,0,0,0,0,0,0,0,0,0,0,0,0,0,0,0,0,0,0,0,0,0,0,0,0,0,0,0,0,128,0,0,0,0,0,0,0,0,0,0,0,0,0,0,0,0,0,0,0,0,0,0,0,0,0,0,0,0,0,0,0,0,0,0,0,0,0,0,0,0,0,0,0,0,0,0,0,0,0,0,0,0,0,0,0,0,0,0,0,0
49,3/7/20,50,461,138,1,93,21,28,11,13,1,1,799,15,45,6,34,5883,161,500,7,169,15,0,22,54,16,1,85,61,17,12,268,79,43,6,13,4,46,3,147,9,10,23,6,50,1,6,5,1,3,18,2,1,8,13,9,1,2,4,20,1,1,1,2,5,4,8,4,1,1,4,0,1,5,1,3,7,1,1,1,1,1,1,1,1,1,3,2,0,0,0,0,28,2,3,0,0,0,0,0,0,0,45,21,0,0,0,0,0,0,0,0,0,0,0,0,0,0,0,0,0,0,0,0,0,0,0,0,0,0,0,0,0,0,1,0,0,0,0,0,0,0,0,0,0,0,0,0,0,0,0,0,0,0,67666,5823,7041,949,1352,1272,1215,1018,990,935,758,696,631,576,539,481,23,426,342,318,296,252,245,174,168,146,136,133,120,108,125,93,19,76,75,75,45,18,13,18,10,0,0,1,0,0,0,0,1,0,0,3,0,0,1,0,0,0,0,0,0,0,0,0,0,0,0,0,0,0,0,0,0,0,0,0,0,0,0,0,0,0,0,0,0,0,0,0,0,0,0,0,0,0,0,0,0,0,0,0,0,0,0,0,0,0,0,0,0,0,0,0,0,0,0,0,1,0,0,0,0,0,0,0,0,0,0,2,2,2,2,2,2,1,1,1,1,1,1,1,1,1,1,1,1,1,3,3,1,1,1,1,1,1,4,1,1,1,1,32,1,3,1,1,1,11,3,3,2,1,4,5,9,3,3,2,2,1,57,2,2,5,2,1,1,3,3,27,1,2,3,2,14,71,6,0,0,0,0,0,0,0,0,0,0,0,0,0,0,0,0,0,0,0,0,0,0,0,0,0,0,0,0,0,0,0,0,0,0,0,0,0,0,0,0,0,0,0,0,0,0,0,0,0,0,0,0,0,0,206,0,0,0,0,0,0,0,0,0,0,0,0,0,0,0,0,0,0,0,0,0,0,0,0,0,0,5,0,0,0,0,0,0,0,0,0,188,0,0,0,0,0,0,0,0,0,0,0,0,0,0,0,0,0,0,0,0,0,0,0,0,0,0,0,0,0,0,0,0,0,0,0,0,0,0,0,0,0,0,0,0,0,0,0,0,0,0,0,0,0,0,0,0,0,0,0,0
50,3/8/20,50,502,150,1,99,27,38,11,15,2,1,1040,23,45,10,39,7375,203,673,7,200,49,0,32,60,16,4,85,64,19,12,337,104,61,6,20,13,73,3,176,15,10,36,6,50,1,7,5,1,3,19,3,1,15,14,9,1,5,6,30,1,2,2,2,11,4,12,8,1,1,7,0,1,11,2,3,16,3,1,2,1,5,6,1,3,1,3,2,4,4,3,1,29,4,4,0,0,0,0,0,0,0,45,21,0,0,0,0,0,0,0,0,0,0,0,0,0,0,0,0,0,0,0,0,0,0,0,0,0,0,0,0,0,0,1,0,0,0,0,0,0,0,0,0,0,0,0,0,0,0,0,0,0,0,67707,6566,7314,1126,1352,1272,1215,1018,990,935,758,696,631,576,539,481,35,428,342,318,296,252,245,174,168,146,136,133,124,114,125,93,31,76,75,75,45,30,17,18,10,1,0,2,0,0,0,0,1,0,0,3,0,0,1,0,0,0,0,0,0,0,0,0,0,0,0,0,0,0,0,0,0,0,0,0,0,0,0,0,0,0,0,0,0,0,0,0,0,0,0,0,0,1,0,0,0,0,0,0,0,0,0,0,1,1,1,1,1,1,1,1,1,1,1,1,1,1,1,1,1,1,1,2,1,2,4,2,2,2,2,2,2,1,1,1,1,1,1,2,1,1,1,1,4,1,3,3,1,1,1,1,1,7,5,1,2,1,1,38,2,6,1,1,1,12,4,8,2,1,4,5,9,9,3,6,2,1,83,3,2,5,2,1,1,3,8,31,1,2,3,2,14,83,7,0,0,0,0,0,0,0,0,0,0,0,0,0,0,0,0,0,0,0,0,0,0,0,0,0,0,0,0,0,0,0,0,0,0,0,0,0,0,0,0,0,0,0,0,0,0,0,0,0,0,0,0,0,0,273,0,0,0,0,0,0,0,0,0,0,0,0,0,0,0,0,0,0,0,0,0,0,0,0,0,0,5,0,0,0,0,0,0,0,0,0,265,0,0,0,0,0,0,0,0,0,0,0,0,0,0,0,0,0,0,0,0,0,0,0,0,0,0,0,0,0,0,0,0,0,0,0,0,0,0,0,0,0,0,0,0,0,0,0,0,0,0,0,0,0,0,0,0,0,0,0,0
51,3/9/20,50,511,150,1,117,32,48,15,15,2,1,1176,30,45,20,43,9172,248,1073,7,239,55,0,32,60,16,4,95,64,20,12,374,131,61,6,25,15,73,3,205,15,10,36,6,58,1,7,5,2,4,21,3,1,18,15,9,1,5,19,30,1,2,6,2,15,4,12,8,1,1,9,0,1,16,2,3,16,3,1,2,1,9,7,1,3,1,3,2,4,4,3,1,34,7,4,2,2,1,0,0,0,0,45,21,0,0,0,0,0,0,0,0,0,0,0,0,0,0,0,0,0,0,0,0,0,0,0,0,0,0,0,0,0,0,1,0,0,0,0,0,0,0,0,0,0,0,0,0,0,0,0,0,0,0,67743,7161,7478,1209,1352,1272,1215,1018,990,935,758,696,631,576,539,481,90,428,342,318,296,252,245,174,168,146,136,133,124,115,125,93,31,76,75,75,45,30,17,18,10,1,0,2,2,0,0,0,1,0,0,1,0,0,1,0,0,0,0,0,0,0,0,0,0,0,0,0,0,0,0,0,0,0,0,0,0,0,0,0,0,0,0,0,0,0,0,0,0,0,0,0,0,1,1,1,1,1,1,1,1,1,2,3,1,1,1,1,1,2,1,1,1,2,1,1,1,1,1,1,1,1,1,2,1,2,5,2,3,2,2,4,2,1,1,3,1,1,1,2,1,1,1,1,4,1,3,3,1,1,3,1,1,7,17,1,2,1,1,38,2,6,1,1,1,19,4,8,2,1,4,6,9,9,4,6,2,1,98,3,2,7,2,3,1,5,8,31,1,2,3,2,14,83,7,0,0,0,0,0,0,0,0,0,0,0,0,0,0,0,0,0,0,0,0,0,0,0,0,0,0,0,0,0,0,0,0,0,0,0,0,0,0,0,0,0,0,0,0,0,0,0,0,0,0,0,0,0,0,321,0,0,0,0,0,0,0,0,0,0,0,0,0,0,0,0,0,0,0,0,0,0,0,0,0,0,5,0,0,0,0,0,0,0,0,0,321,0,0,0,0,0,0,0,0,0,0,0,0,0,0,0,0,0,0,0,0,0,0,0,0,0,0,0,0,0,0,0,0,0,0,0,0,0,0,0,0,0,0,0,0,0,0,0,0,0,0,0,0,0,0,0,0,0,0,0,0
52,3/10/20,53,581,160,1,129,32,55,18,18,2,1,1457,40,74,33,56,10149,355,1695,7,267,59,0,41,71,18,5,110,69,20,14,491,182,83,16,31,15,89,7,400,25,12,51,9,69,1,7,5,2,6,34,5,1,24,15,11,1,5,27,41,1,2,8,3,20,4,17,13,1,1,9,1,1,22,5,5,31,7,1,2,3,9,11,5,7,1,5,2,4,6,3,1,36,7,4,10,3,1,267,173,144,92,46,21,17,15,15,15,15,13,12,12,8,8,7,7,7,7,6,6,6,5,4,4,3,3,3,3,3,2,2,2,2,1,1,1,1,1,1,1,1,0,0,0,0,0,0,0,0,0,0,0,0,0,67760,8042,7513,1784,1353,1272,1215,1018,990,935,758,696,631,576,539,481,262,429,344,318,296,252,245,174,168,146,136,133,125,120,125,93,41,76,75,75,47,31,20,18,10,3,0,2,2,0,1,0,1,0,0,1,0,0,1,0,0,0,0,0,0,0,0,0,0,0,0,0,0,0,0,0,0,0,0,0,0,0,0,0,0,0,0,0,0,0,0,0,0,0,0,0,0,0,0,0,0,0,0,0,0,0,0,0,0,0,0,0,0,0,0,0,0,0,0,0,0,0,0,0,0,0,0,0,0,0,0,0,0,0,0,0,0,0,0,0,0,0,0,0,0,0,0,0,0,0,0,0,0,0,0,0,0,0,0,0,0,0,0,0,0,0,0,0,0,0,0,0,0,0,0,0,0,0,0,0,0,0,0,0,0,0,0,0,0,0,0,0,0,0,0,0,0,0,0,0,0,0,0,0,0,0,0,0,0,0,0,0,0,0,0,0,0,0,0,0,0,0,0,0,0,0,0,0,0,0,0,0,0,0,0,0,0,0,0,0,0,0,0,0,0,0,0,0,0,0,0,0,0,382,0,0,0,0,0,0,0,0,0,0,0,0,0,0,0,0,0,0,0,0,0,0,0,0,0,0,5,0,0,0,0,0,0,0,0,0,382,0,0,0,0,0,0,0,0,0,0,0,0,0,0,0,0,0,0,0,0,0,0,0,0,0,0,0,0,0,0,0,0,0,0,0,0,0,0,0,0,0,0,0,0,0,0,0,0,0,0,0,0,0,0,0,0,0,0,0,0
53,3/11/20,59,639,178,1,149,39,65,21,20,3,2,1908,59,74,49,62,12462,500,2277,9,314,60,0,61,71,18,7,195,72,20,19,652,246,109,19,38,24,99,7,598,45,16,62,9,85,3,8,5,2,9,43,7,1,262,17,11,1,5,34,59,1,3,10,5,21,4,19,23,1,1,13,1,1,31,7,7,57,13,1,2,9,13,11,12,10,1,6,3,7,8,3,5,41,19,8,12,6,11,366,220,177,95,46,21,23,34,28,23,19,21,25,16,13,9,7,10,9,9,9,11,8,10,7,5,5,5,4,5,6,3,2,2,3,2,1,1,8,1,6,1,1,0,1,1,0,0,2,0,1,3,0,8,0,0,67773,9000,7755,2281,1356,1273,1215,1018,990,935,760,696,631,576,539,482,442,435,344,318,296,252,245,174,168,146,136,133,127,126,125,93,91,76,75,75,48,38,20,18,10,3,2,2,2,2,2,1,1,1,1,1,1,1,1,0,0,0,0,0,0,0,0,0,0,0,0,0,0,0,0,0,0,0,0,0,0,0,0,0,0,0,0,0,0,0,0,0,0,0,0,0,0,0,0,0,0,0,0,0,0,0,0,0,0,0,0,0,0,0,0,0,0,0,0,0,0,0,0,0,0,0,0,0,0,0,0,0,0,0,0,0,0,0,0,0,0,0,0,0,0,0,0,0,0,0,0,0,0,0,0,0,0,0,0,0,0,0,0,0,0,0,0,0,0,0,0,0,0,0,0,0,0,0,0,0,0,0,0,0,0,0,0,0,0,0,0,0,0,0,0,0,0,0,0,0,0,0,0,0,0,0,0,0,0,0,0,0,0,0,0,0,0,0,0,0,0,0,0,0,0,0,0,0,0,0,0,0,0,0,0,0,0,0,0,0,0,0,0,0,0,0,0,0,0,0,0,0,0,456,0,0,0,0,0,0,0,0,0,0,0,0,0,0,0,0,0,0,0,0,0,0,0,0,0,0,5,0,0,0,0,0,0,0,0,0,503,0,0,0,0,0,0,0,0,0,1,0,0,0,0,0,0,0,0,0,0,0,0,0,0,0,0,0,0,0,0,0,0,0,0,0,0,0,0,0,0,0,0,0,0,0,0,0,0,0,0,0,0,0,0,0,0,0,0,0,0
54,3/12/20,70,639,178,1,149,46,65,21,20,3,2,2078,59,85,52,73,12462,599,2277,9,314,67,0,61,71,18,7,195,80,24,19,652,302,131,20,52,24,99,7,702,49,16,69,12,103,3,12,5,2,9,43,19,2,262,17,11,4,5,34,59,1,3,10,6,45,4,19,23,1,1,13,1,1,49,7,11,89,17,1,2,9,22,15,19,16,1,6,3,7,8,3,5,42,19,9,23,6,11,442,328,221,108,46,21,31,45,35,29,24,27,32,22,16,12,15,12,18,17,9,13,10,10,14,6,9,10,5,5,8,5,2,2,5,2,1,1,11,1,19,1,2,0,6,1,0,0,2,1,1,5,1,8,0,1,67781,10075,7869,2281,1356,1273,1215,1018,990,935,760,696,631,576,539,482,615,435,344,318,296,252,245,174,168,146,136,133,127,129,125,93,94,76,75,75,49,39,28,18,10,3,2,2,2,2,2,1,1,1,1,1,2,1,1,0,0,0,0,0,0,0,0,0,0,0,0,0,0,0,0,0,0,0,0,0,0,0,0,0,0,0,0,0,0,0,0,0,0,0,0,0,0,0,0,0,0,0,0,0,0,0,0,0,0,0,0,0,0,0,0,0,0,0,0,0,0,0,0,0,0,0,0,0,0,0,0,0,0,0,0,0,0,0,0,0,0,0,0,0,0,0,0,0,0,0,0,0,0,0,0,0,0,0,0,0,0,0,0,0,0,0,0,0,0,0,0,0,0,0,0,0,0,0,0,0,0,0,0,0,0,0,0,0,0,0,0,0,0,0,0,0,0,0,0,0,0,0,0,0,0,0,0,0,0,0,0,0,0,0,0,0,0,0,0,0,0,0,0,0,0,0,0,0,0,0,0,0,0,0,0,0,0,0,0,0,0,0,0,0,0,0,0,0,0,0,3,1,0,456,0,0,0,0,0,0,0,0,0,0,0,0,0,0,0,0,0,0,0,0,0,0,0,0,0,0,5,0,0,0,0,0,0,0,0,0,503,0,0,0,0,0,0,0,0,0,1,0,0,0,0,0,0,0,0,0,0,0,0,0,0,0,0,0,0,0,0,0,0,0,0,0,0,0,0,0,0,0,0,0,0,0,0,0,0,0,0,0,0,0,0,0,0,0,0,0,0
55,3/13/20,75,701,200,1,197,64,92,36,35,5,6,3675,155,85,64,82,17660,814,5232,16,559,80,0,77,101,19,7,189,80,26,32,1139,504,161,28,151,25,190,14,996,89,79,80,27,134,6,12,5,2,14,90,34,2,320,17,15,8,5,69,112,1,5,17,7,86,10,31,43,1,3,19,1,1,68,16,13,141,24,1,2,13,23,28,35,32,1,12,3,23,9,3,6,74,29,17,33,14,37,568,421,282,123,46,21,42,49,50,29,30,43,46,41,17,18,17,13,26,30,9,13,14,10,17,6,14,13,13,14,19,11,2,2,9,2,1,1,27,5,36,2,2,1,6,4,1,1,16,1,1,10,1,8,0,1,67786,11364,7979,3661,1356,1273,1215,1018,990,935,760,696,631,576,539,482,801,436,346,318,296,252,245,174,168,146,136,133,127,134,125,93,141,76,75,75,50,47,45,18,10,6,3,3,2,2,2,1,1,2,1,1,8,5,1,0,0,0,0,0,0,0,0,0,0,0,0,0,0,0,0,0,0,0,0,0,0,0,0,0,0,0,0,0,0,0,0,0,0,0,0,0,0,0,0,0,0,0,0,0,0,0,0,0,0,0,0,0,0,0,0,0,0,0,0,0,0,0,0,0,0,0,0,0,0,0,0,0,0,0,0,0,0,0,0,0,0,0,0,0,0,0,0,0,0,0,0,0,0,0,0,0,0,0,0,0,0,0,0,0,0,0,0,0,0,0,0,0,0,0,0,0,0,0,0,0,0,0,0,0,0,0,0,0,0,0,0,0,0,0,0,0,0,0,0,0,0,0,0,0,0,0,0,0,0,0,0,0,0,0,0,0,0,0,0,0,0,0,0,0,0,0,0,0,0,0,0,0,0,0,0,0,0,0,0,0,0,0,0,0,0,0,0,0,0,0,4,1,1,798,4,3,4,2,1,1,1,2,1,1,5,0,0,0,0,0,0,0,0,0,0,0,0,0,0,0,5,0,0,0,0,0,0,0,0,0,804,0,1,0,0,0,0,0,0,1,5,0,0,0,0,2,0,0,0,0,0,0,0,0,0,0,0,0,0,0,0,0,0,0,0,0,0,0,0,0,0,0,0,0,0,0,0,0,0,0,0,0,0,0,0,0,0,0,0,0,0
56,3/14/20,82,773,212,1,238,64,112,49,46,7,10,4585,225,85,111,102,21157,961,6391,19,689,109,0,93,110,19,11,210,104,37,38,1359,655,193,31,151,30,228,14,1090,123,115,80,27,156,8,26,6,2,17,129,51,2,337,28,15,18,11,96,169,1,5,26,17,103,10,34,61,1,3,30,1,4,103,18,18,181,38,1,2,22,26,38,46,44,1,18,9,41,10,3,6,79,29,17,38,26,40,572,525,340,138,46,21,66,101,76,69,32,57,64,47,17,26,24,19,32,41,12,16,14,10,21,7,21,14,26,20,27,22,4,4,10,2,1,1,36,8,77,4,5,1,12,6,2,3,25,6,5,10,1,9,0,2,67790,12729,8086,4469,1356,1273,1227,1018,990,935,760,696,631,576,539,482,827,437,353,318,296,252,245,174,168,146,136,133,129,140,125,93,189,76,75,75,53,53,59,18,10,12,10,9,2,2,2,1,1,2,1,1,8,5,1,0,0,0,0,0,0,0,0,0,0,0,0,0,0,0,0,0,0,0,0,0,0,0,0,0,0,0,0,0,0,0,0,0,0,0,0,0,0,0,0,0,0,0,0,0,0,0,0,0,0,0,0,0,0,0,0,0,0,0,0,0,0,0,0,0,0,0,0,0,0,0,0,0,0,0,0,0,0,0,0,0,0,0,0,0,0,0,0,0,0,0,0,0,0,0,0,0,0,0,0,0,0,0,0,0,0,0,0,0,0,0,0,0,0,0,0,0,0,0,0,0,0,0,0,0,0,0,0,0,0,0,0,0,0,0,0,0,0,0,0,0,0,0,0,0,0,0,0,0,0,0,0,0,0,0,0,0,0,0,0,0,0,0,0,0,0,0,0,0,0,0,0,0,0,0,0,0,0,0,0,0,0,0,0,0,0,0,0,0,0,0,4,1,1,1140,6,3,4,2,1,1,1,2,1,1,6,4,3,3,2,2,2,2,1,1,1,1,1,1,1,1,5,0,0,0,0,0,0,0,0,0,959,0,1,0,0,1,0,0,1,1,6,0,0,0,0,2,0,0,0,0,0,0,0,0,0,0,0,0,0,0,0,0,0,0,0,0,0,0,0,0,0,0,0,0,0,0,0,0,0,0,0,0,0,0,0,0,0,0,0,0,0
57,3/15/20,114,839,226,1,428,73,134,57,61,7,18,5795,244,98,140,113,24747,1022,7798,20,886,110,0,110,116,22,16,214,112,48,49,2200,860,251,53,162,33,331,14,1221,131,171,101,27,171,12,41,8,2,17,129,59,2,401,28,23,26,11,117,245,1,6,30,28,103,24,45,74,8,3,32,1,4,119,18,24,219,51,1,2,34,27,43,48,54,1,21,9,51,13,5,6,104,39,24,42,26,50,643,732,426,164,46,21,99,131,115,98,36,72,93,66,18,32,33,28,39,45,13,20,20,16,24,13,35,17,37,20,32,24,6,7,28,3,1,1,43,8,91,5,8,1,16,7,5,12,33,10,7,13,1,9,0,3,67794,13938,8162,4499,1360,1273,1231,1018,990,935,760,696,631,576,539,482,864,442,353,318,296,252,245,174,168,146,136,133,133,145,125,93,253,76,75,75,59,56,63,18,10,23,10,11,2,3,3,2,1,2,1,1,10,6,1,0,0,0,0,0,0,0,0,0,0,0,0,0,0,0,0,0,0,0,0,0,0,0,0,0,0,0,0,0,0,0,0,0,0,0,0,0,0,0,0,0,0,0,0,0,0,0,0,0,0,0,0,0,0,0,0,0,0,0,0,0,0,0,0,0,0,0,0,0,0,0,0,0,0,0,0,0,0,0,0,0,0,0,0,0,0,0,0,0,0,0,0,0,0,0,0,0,0,0,0,0,0,0,0,0,0,0,0,0,0,0,0,0,0,0,0,0,0,0,0,0,0,0,0,0,0,0,0,0,0,0,0,0,0,0,0,0,0,0,0,0,0,0,0,0,0,0,0,0,0,0,0,0,0,0,0,0,0,0,0,0,0,0,0,0,0,0,0,0,0,0,0,0,0,0,0,0,0,0,0,0,0,0,0,0,0,0,0,0,0,0,4,4,1,1140,9,3,4,2,1,1,1,2,3,1,12,4,6,5,2,2,2,10,1,1,1,1,1,2,1,1,7,3,2,1,1,1,1,1,1,1,1135,0,3,0,0,1,0,0,1,1,7,0,0,0,0,2,0,0,0,0,0,0,0,0,0,0,0,0,0,0,0,0,0,0,0,0,0,0,0,0,0,0,0,0,0,0,0,0,0,0,0,0,0,0,0,0,0,0,0,0,0
58,3/16/20,147,825,243,1,566,103,171,71,68,7,28,7272,277,98,142,119,27980,1103,9942,29,1058,150,0,99,124,22,21,214,123,54,57,2200,1018,255,136,200,33,331,18,1333,158,205,109,36,180,17,53,8,2,28,169,77,7,439,37,15,52,11,134,331,2,7,34,29,118,24,56,155,17,7,39,1,4,177,20,25,253,62,1,4,54,35,86,55,63,1,30,15,52,13,8,8,177,56,50,51,33,54,904,967,557,197,47,20,121,160,155,178,39,85,105,77,23,41,38,33,52,49,18,25,21,22,45,17,54,18,50,21,47,30,7,10,39,15,1,1,55,11,136,6,12,1,22,8,5,17,53,13,7,17,1,10,0,3,67798,14991,8236,6633,1361,1273,1231,1018,990,935,760,696,631,576,539,482,914,452,355,318,296,252,245,176,168,146,136,133,133,155,125,93,298,76,75,75,67,61,90,18,11,23,11,18,2,6,6,6,1,2,1,3,10,18,1,0,0,0,0,0,0,0,0,0,0,0,0,0,0,0,0,0,0,0,0,0,0,0,0,0,0,0,0,0,0,0,0,0,0,0,0,0,0,0,0,0,0,0,0,0,0,0,0,0,0,0,0,0,0,0,0,0,0,0,0,0,0,0,0,0,0,0,0,0,0,0,0,0,0,0,0,0,0,0,0,0,0,0,0,0,0,0,0,0,0,0,0,0,0,0,0,0,0,0,0,0,0,0,0,0,0,0,0,0,0,0,0,0,0,0,0,0,0,0,0,0,0,0,0,0,0,0,0,0,0,0,0,0,0,0,0,0,0,0,0,0,0,0,0,0,0,0,0,0,0,0,0,0,0,0,0,0,0,0,0,0,0,0,0,0,0,0,0,0,0,0,0,0,0,0,0,0,0,0,0,0,0,0,0,0,0,0,0,0,0,0,4,4,2,1543,10,3,7,7,5,1,1,2,3,1,29,8,6,5,2,3,4,17,1,1,2,1,5,2,1,1,11,3,2,1,1,1,1,1,1,6,1413,5,6,1,1,1,1,1,1,1,9,0,0,0,0,2,0,0,0,0,1,1,0,0,0,0,0,0,0,0,0,0,0,0,0,0,0,0,0,0,0,0,0,0,0,0,0,0,0,0,0,0,0,0,0,0,0,0,0,0,0
59,3/17/20,177,878,266,1,673,103,210,94,78,33,44,9257,321,98,187,142,31506,1190,11748,29,1243,196,0,120,154,24,22,228,130,60,65,2700,1332,337,236,321,34,387,26,1463,184,225,109,36,220,25,82,12,3,31,223,140,7,439,58,28,78,21,172,448,39,7,49,38,171,26,68,201,34,14,50,1,7,238,24,26,275,62,1,10,65,41,117,65,72,1,38,16,67,13,10,9,185,74,74,55,46,56,1076,1706,698,218,47,21,146,160,216,267,66,110,161,112,23,60,64,47,74,67,20,30,26,22,56,26,60,21,67,23,72,68,10,19,51,15,1,5,69,18,196,11,12,3,22,16,8,32,65,21,9,23,3,11,1,11,67799,16169,8320,7652,1364,1273,1232,1018,990,935,761,696,631,576,540,482,977,456,358,318,296,253,246,176,168,147,136,133,133,162,125,93,396,76,75,75,77,66,114,18,12,30,11,47,2,8,6,8,1,3,5,3,12,47,3,0,0,0,0,0,0,0,0,0,0,0,0,0,0,0,0,0,0,0,0,0,0,0,0,0,0,0,0,0,0,0,0,0,0,0,0,0,0,0,0,0,0,0,0,0,0,0,0,0,0,0,0,0,0,0,0,0,0,0,0,0,0,0,0,0,0,0,0,0,0,0,0,0,0,0,0,0,0,0,0,0,0,0,0,0,0,0,0,0,0,0,0,0,0,0,0,0,0,0,0,0,0,0,0,0,0,0,0,0,0,0,0,0,0,0,0,0,0,0,0,0,0,0,0,0,0,0,0,0,0,0,0,0,0,0,0,0,0,0,0,0,0,0,0,0,0,0,0,0,0,0,0,0,0,0,0,0,0,0,0,0,0,0,0,0,0,0,0,0,0,0,0,0,0,0,0,0,0,0,0,0,0,0,0,0,0,0,0,0,0,0,5,7,2,1950,33,3,8,7,5,1,1,8,3,1,39,29,7,5,2,4,5,33,1,1,6,1,7,2,1,1,11,3,2,3,1,1,1,1,1,10,1705,7,18,1,1,3,1,1,2,1,9,2,2,0,0,3,0,0,1,0,1,1,0,0,0,0,0,0,0,0,0,0,0,0,0,0,0,0,0,0,0,0,0,0,0,0,0,0,0,0,0,0,0,0,0,0,0,0,0,0,0
60,3/18/20,212,889,313,1,790,186,267,121,94,35,51,12327,336,113,202,156,35713,1279,13910,37,1486,196,0,133,164,39,22,256,142,74,81,3028,1646,433,299,372,38,418,35,1550,260,258,119,51,250,27,93,20,8,35,292,203,7,452,111,28,84,21,227,448,39,10,71,49,171,31,79,238,52,14,58,1,28,251,29,38,275,116,1,10,93,50,145,83,105,1,38,19,92,13,14,11,221,97,94,59,49,68,1014,2495,751,218,47,21,199,184,314,267,68,173,162,152,29,85,70,47,79,77,27,39,27,31,55,26,77,24,86,33,92,68,14,19,51,20,1,6,86,18,257,18,18,6,33,19,9,42,83,34,11,23,6,11,1,15,67800,17361,8413,9043,1370,1273,1232,1018,990,935,761,712,631,576,540,482,1057,469,361,318,296,253,246,176,168,146,136,133,133,181,125,93,464,76,75,75,100,75,147,18,15,30,12,58,3,9,6,11,1,4,6,3,13,98,8,0,0,0,0,0,0,0,0,0,0,0,0,0,0,0,0,0,0,0,0,0,0,0,0,0,0,0,0,0,0,0,0,0,0,0,0,0,0,0,0,0,0,0,0,0,0,0,0,0,0,0,0,0,0,0,0,0,0,0,0,0,0,0,0,0,0,0,0,0,0,0,0,0,0,0,0,0,0,0,0,0,0,0,0,0,0,0,0,0,0,0,0,0,0,0,0,0,0,0,0,0,0,0,0,0,0,0,0,0,0,0,0,0,0,0,0,0,0,0,0,0,0,0,0,0,0,0,0,0,0,0,0,0,0,0,0,0,0,0,0,0,0,0,0,0,0,0,0,0,0,0,0,0,0,0,0,0,0,0,0,0,0,0,0,0,0,0,0,0,0,0,0,0,0,0,0,0,0,0,0,0,0,0,0,0,0,0,0,0,0,0,7,7,3,2626,35,3,15,8,6,2,1,9,3,1,46,50,7,5,2,4,7,36,1,1,6,1,8,2,1,1,11,5,2,3,1,1,1,4,3,15,2051,12,27,2,2,3,1,3,2,1,12,2,1,3,3,4,2,1,1,1,1,1,0,0,0,0,0,0,0,0,0,0,0,0,0,0,0,0,0,0,0,0,0,0,0,0,0,0,0,0,0,0,0,0,0,0,0,0,0,0,0
61,3/19/20,272,924,345,1,900,231,307,121,144,37,60,15320,400,140,217,194,41035,1439,17963,42,1795,256,0,157,192,48,22,278,148,87,105,4075,2013,677,454,621,40,418,48,1746,277,267,119,51,330,36,118,28,8,52,557,335,7,460,199,44,115,34,311,785,53,10,86,63,274,31,97,238,69,16,73,1,28,355,39,63,286,150,1,13,102,69,234,103,123,1,53,23,94,13,17,11,257,119,121,64,67,75,1376,5365,952,328,47,22,287,277,417,742,88,260,422,206,44,107,123,81,154,99,45,60,37,40,95,44,89,29,119,44,159,159,16,44,80,33,1,6,109,34,392,31,22,9,62,30,11,52,334,50,11,35,18,11,2,18,67800,18407,8565,10871,1378,1273,1233,1018,990,935,761,712,631,576,540,483,1151,480,363,318,296,253,246,176,168,146,137,133,134,208,125,93,694,76,75,75,108,85,199,18,17,49,12,72,4,12,11,11,1,14,9,3,15,192,10,0,0,0,0,0,0,0,0,0,0,0,0,0,0,0,0,0,0,0,0,0,0,0,0,0,0,0,0,0,0,0,0,0,0,0,0,0,0,0,0,0,0,0,0,0,0,0,0,0,0,0,0,0,0,0,0,0,0,0,0,0,0,0,0,0,0,0,0,0,0,0,0,0,0,0,0,0,0,0,0,0,0,0,0,0,0,0,0,0,0,0,0,0,0,0,0,0,0,0,0,0,0,0,0,0,0,0,0,0,0,0,0,0,0,0,0,0,0,0,0,0,0,0,0,0,0,0,0,0,0,0,0,0,0,0,0,0,0,0,0,0,0,0,0,0,0,0,0,0,0,0,0,0,0,0,0,0,0,0,0,0,0,0,0,0,0,0,0,0,0,0,0,0,0,0,0,0,0,0,0,0,0,0,0,0,0,0,0,0,0,0,11,7,4,2689,44,6,17,16,6,2,1,9,7,1,78,79,11,5,3,6,9,42,1,1,9,2,8,2,1,1,11,12,2,3,2,1,3,6,3,23,2460,14,33,2,2,3,1,6,3,3,14,5,3,3,3,4,2,1,1,1,3,2,2,2,1,1,1,1,0,0,0,0,0,0,0,0,0,0,0,0,0,0,0,0,0,0,0,0,0,0,0,0,0,0,0,0,0,0,0,0,0
62,3/20/20,322,963,385,1,1030,271,353,121,184,51,73,19848,450,140,230,244,47021,1639,20410,50,2257,285,0,163,208,48,24,285,159,90,128,5294,2388,705,501,793,43,495,67,1914,308,283,144,69,409,49,164,39,12,64,683,484,11,470,367,44,136,72,369,1020,75,10,111,77,344,38,128,434,85,29,85,3,28,425,54,89,341,202,2,20,128,89,234,135,137,9,64,32,127,13,20,13,308,146,139,70,67,78,1524,8310,1177,413,49,23,420,363,563,890,114,394,585,303,45,149,172,126,233,122,78,86,47,71,114,44,115,37,173,54,207,194,26,49,78,40,1,6,137,44,538,53,29,12,96,38,23,56,552,80,15,43,19,14,7,19,67800,19644,8652,12612,1395,1273,1234,1018,990,935,762,712,631,576,541,484,1255,491,371,318,299,254,247,176,168,146,137,133,134,256,126,93,833,76,75,75,135,91,253,18,17,66,15,80,4,24,14,11,1,18,9,3,16,359,10,0,0,0,0,0,0,0,0,0,0,0,0,0,0,0,0,0,0,0,0,0,0,0,0,0,0,0,0,0,0,0,0,0,0,0,0,0,0,0,0,0,0,0,0,0,0,0,0,0,0,0,0,0,0,0,0,0,0,0,0,0,0,0,0,0,0,0,0,0,0,0,0,0,0,0,0,0,0,0,0,0,0,0,0,0,0,0,0,0,0,0,0,0,0,0,0,0,0,0,0,0,0,0,0,0,0,0,0,0,0,0,0,0,0,0,0,0,0,0,0,0,0,0,0,0,0,0,0,0,0,0,0,0,0,0,0,0,0,0,0,0,0,0,0,0,0,0,0,0,0,0,0,0,0,0,0,0,0,0,0,0,0,0,0,0,0,0,0,0,0,0,0,0,0,0,0,0,0,0,0,0,0,0,0,0,0,0,0,0,0,0,16,7,6,3983,49,11,17,20,9,2,1,10,7,1,83,94,16,14,3,7,9,42,1,3,12,2,17,2,1,4,15,14,2,4,2,3,3,6,6,33,2994,15,45,2,2,3,1,6,3,3,28,5,14,6,12,5,2,1,1,1,3,2,2,2,1,1,1,1,3,2,1,1,1,1,1,1,1,0,0,0,0,0,0,0,0,0,0,0,0,0,0,0,0,0,0,0,0,0,0,0,0
63,3/21/20,411,1007,432,1,1183,424,436,229,221,53,77,22213,523,153,307,330,53578,1763,25374,67,2815,294,0,187,214,52,24,305,176,139,206,6575,2814,883,730,1021,49,530,85,2118,367,306,144,76,473,83,203,52,22,90,785,670,11,481,506,53,160,112,450,1280,88,16,124,96,392,47,158,537,85,47,103,3,37,536,60,93,383,240,2,27,196,117,318,171,178,16,73,32,163,13,25,18,377,195,181,76,84,83,1793,11710,1364,525,49,23,507,390,659,1327,114,581,753,396,68,193,253,171,371,156,118,128,87,77,161,55,138,38,248,66,282,194,37,53,136,64,1,10,200,57,585,74,29,15,122,45,36,70,788,140,21,43,28,14,8,23,67800,20610,8799,14282,1400,1273,1236,1018,990,935,764,712,631,576,542,484,1326,504,380,318,303,254,248,176,168,146,137,133,134,273,126,93,995,76,75,75,153,94,306,18,18,80,19,92,4,24,32,17,1,23,14,3,16,670,10,0,0,0,0,0,0,0,0,0,0,0,0,0,0,0,0,0,0,0,0,0,0,0,0,0,0,0,0,0,0,0,0,0,0,0,0,0,0,0,0,0,0,0,0,0,0,0,0,0,0,0,0,0,0,0,0,0,0,0,0,0,0,0,0,0,0,0,0,0,0,0,0,0,0,0,0,0,0,0,0,0,0,0,0,0,0,0,0,0,0,0,0,0,0,0,0,0,0,0,0,0,0,0,0,0,0,0,0,0,0,0,0,0,0,0,0,0,0,0,0,0,0,0,0,0,0,0,0,0,0,0,0,0,0,0,0,0,0,0,0,0,0,0,0,0,0,0,0,0,0,0,0,0,0,0,0,0,0,0,0,0,0,0,0,0,0,0,0,0,0,0,0,0,0,0,0,0,0,0,0,0,0,0,0,0,0,0,0,0,0,0,21,7,9,5018,53,15,18,26,9,2,2,10,7,1,131,110,19,21,3,7,49,70,1,4,17,2,17,2,1,4,18,15,2,6,2,3,3,6,7,43,3631,21,53,2,3,3,1,6,3,3,45,6,14,14,14,5,2,1,1,1,4,2,4,2,1,3,1,2,3,2,2,3,1,1,1,1,3,1,1,1,1,1,0,0,0,0,0,0,0,0,0,0,0,0,0,0,0,0,0,0,0
64,3/22/20,599,1086,455,2,1306,424,533,296,221,84,82,24873,626,153,380,396,59138,1934,28768,100,3401,327,0,248,233,55,40,332,188,201,254,7245,3244,1071,776,1593,54,624,114,2383,433,326,160,76,568,131,251,66,30,120,906,798,23,494,789,65,194,202,514,1600,113,22,139,115,511,67,225,632,112,73,131,3,37,634,75,126,414,274,2,40,231,134,363,222,185,16,90,37,187,13,27,22,425,259,219,89,95,88,1996,15793,1642,646,49,30,600,476,830,1914,161,627,1049,509,90,244,302,196,505,221,152,201,99,102,190,65,169,51,355,83,381,223,48,67,181,75,1,10,245,64,837,100,52,21,165,47,42,89,1037,207,31,57,28,21,12,24,67800,21638,8897,16018,1407,1273,1237,1018,990,936,766,712,633,577,543,484,1395,514,394,319,307,254,248,176,168,146,137,133,136,317,126,93,1120,76,75,75,169,113,367,18,20,94,24,115,4,26,32,17,1,30,14,3,16,1236,15,0,0,0,0,0,0,0,0,0,0,0,0,0,0,0,0,0,0,0,0,0,0,0,0,0,0,0,0,0,0,0,0,0,0,0,0,0,0,0,0,0,0,0,0,0,0,0,0,0,0,0,0,0,0,0,0,0,0,0,0,0,0,0,0,0,0,0,0,0,0,0,0,0,0,0,0,0,0,0,0,0,0,0,0,0,0,0,0,0,0,0,0,0,0,0,0,0,0,0,0,0,0,0,0,0,0,0,0,0,0,0,0,0,0,0,0,0,0,0,0,0,0,0,0,0,0,0,0,0,0,0,0,0,0,0,0,0,0,0,0,0,0,0,0,0,0,0,0,0,0,0,0,0,0,0,0,0,0,0,0,0,0,0,0,0,0,0,0,0,0,0,0,0,0,0,0,0,0,0,0,0,0,0,0,0,0,0,0,0,0,0,35,7,19,5683,60,15,19,52,11,2,2,13,15,1,138,135,24,23,3,7,50,70,4,5,19,2,19,2,1,5,18,27,2,6,2,3,3,6,11,43,4204,28,56,2,3,3,1,12,3,3,47,14,21,14,18,8,3,1,1,1,4,4,4,2,1,3,2,2,3,2,2,3,1,2,1,5,3,1,1,1,1,1,1,1,1,1,1,0,0,0,0,0,0,0,0,0,0,0,0,0,0
65,3/23/20,599,1086,455,2,1306,424,533,296,221,84,82,24873,626,153,380,396,59138,1934,28768,100,3401,327,0,248,233,55,40,332,188,201,254,7245,3244,1071,776,1593,54,624,114,2383,433,326,160,76,568,131,251,66,30,120,906,798,23,494,789,65,194,202,514,1600,113,22,139,115,511,67,225,632,112,73,131,3,37,634,75,126,414,274,2,40,231,134,363,222,185,16,90,37,187,13,27,22,425,259,219,89,95,88,1996,15793,1642,646,49,30,600,476,830,1914,161,627,1049,509,90,244,302,196,505,221,152,201,99,102,190,65,169,51,355,83,381,223,48,67,181,75,1,10,245,64,837,100,52,21,165,47,42,89,1037,207,31,57,28,21,12,24,67800,21638,8897,16018,1413,1274,1238,1018,990,936,767,712,633,577,543,484,1395,522,404,319,313,254,248,176,168,146,141,133,136,317,127,93,1120,76,75,75,169,113,367,18,24,94,24,115,4,26,32,17,1,30,14,3,16,1236,15,,,,,,,,,,,,,,,,,,,,,,,,,,,,,,,,,,,,,,,,,,,,,,,,,,,,,,,,,,,,,,,,,,,,,,,,,,,,,,,,,,,,,,,,,,,,,,,,,,,,,,,,,,,,,,,,,,,,,,,,,,,,,,,,,,,,,,,,,,,,,,,,,,,,,,,,,,,,,,,,,,,,,,,,,,,,,,,,,,,,,,,,,,,,,,,,35,7,19,5683,60,15,20,52,11,2,2,13,15,1,138,135,24,23,3,7,50,70,4,5,19,2,19,2,1,5,0,27,2,9,3,3,3,6,0,43,4204,28,0,2,3,3,1,12,,3,0,14,21,14,18,8,3,1,1,1,4,4,4,2,1,3,2,2,3,2,2,3,1,2,1,5,3,1,0,0,1,1,1,1,1,1,1,56,47,18,11,6,1,0,0,0,0,0,0,0,0
